,0
19,1.5
20,1.5
21,1.5
22,1.5
23,1.25
25,1.25
26,1.25
27,1.25
28,1.25
30,1.25
31,1.25
32,1.0
38,1.75
40,1.5
42,1.5
43,1.5
44,1.25
45,1.75
46,1.5
48,1.25
51,1.5
53,1.0
54,1.5
55,1.5
56,1.5
58,1.25
59,1.25
60,1.25
61,1.5
62,1.25
64,1.25
65,1.25
66,1.5
67,1.25
69,1.0
70,1.25
71,1.25
73,1.0
75,1.75
78,-253.25
81,1.25
83,1.0
84,-253.75
85,1.25
87,1.0
89,1.0
91,1.5
92,1.25
94,1.25
95,1.25
97,1.25
98,1.25
99,1.5
100,1.0
102,1.0
103,1.25
104,1.25
105,1.0
106,1.0
107,1.25
108,1.0
109,1.0
111,1.0
112,1.5
113,1.75
114,1.5
115,1.25
117,1.25
118,1.25
119,1.25
120,1.25
121,1.25
122,1.5
124,1.25
126,1.0
129,1.25
130,1.25
131,1.0
132,1.25
135,1.0
137,1.0
138,1.5
139,1.25
140,1.25
141,1.25
142,1.25
143,1.25
144,1.5
147,1.25
149,1.25
150,1.25
151,1.25
152,1.25
153,1.0
156,1.0
157,0.75
158,1.25
159,80.75
160,1.0
163,1.5
164,1.5
165,1.5
166,1.5
167,1.25
169,1.25
170,1.0
171,1.25
172,1.25
173,1.0
174,1.0
175,1.0
176,1.0
177,1.5
179,1.5
181,1.25
182,1.25
183,1.25
184,-182.25
185,1.25
186,1.25
187,1.25
188,1.25
189,1.0
190,1.25
191,-259.0
192,1.0
193,1.0
194,0.75
195,1.0
196,1.0
197,150.25
199,-1645.0
200,1.5
201,1.75
202,1.5
203,1.5
205,1.5
206,1.25
207,1.25
210,1.25
211,1.25
213,1.0
214,1.25
215,1.25
216,0.75
217,1.5
218,1.5
219,1.25
220,1.25
222,1.25
223,1.25
225,1.25
226,1.5
227,1.25
229,1.0
230,1.0
231,1.0
232,-2459.5
233,1.5
238,1.5
240,1.5
241,1.5
243,1.5
244,1.5
245,1.25
246,1.25
247,1.25
248,1.5
249,1.0
250,1.25
251,1.0
252,1.0
254,1.5
255,1.25
256,1.25
257,1.5
259,1.5
260,1.0
261,1.25
262,-214.5
263,1.25
264,1.0
265,1.0
266,1.25
267,1.25
268,1.0
269,1.25
270,1.0
273,1.5
276,1.5
277,1.5
281,1.25
283,1.5
284,1.25
285,1.0
286,1.25
287,1.5
288,1.75
289,1.25
290,1.75
291,1.5
292,1.5
293,1.5
294,1.5
295,1.25
296,-182.5
297,1.5
298,1.25
300,-281.25
301,1.25
303,1.25
304,1.25
305,0.75
308,1.5
311,1.75
314,1.25
315,1.25
316,1.25
317,1.25
318,1.0
319,1.5
320,1.25
323,1.25
325,1.75
327,1.5
329,1.5
330,1.25
331,1.5
333,1.5
335,1.25
336,1.25
337,1.5
338,1.25
339,1.5
340,1.25
342,1.25
344,1.0
345,1.0
346,0.75
347,1.75
348,1.5
349,1.5
350,1.5
352,1.25
353,1.5
354,1.5
355,1.5
358,1.5
359,1.5
360,1.5
361,1.25
362,1.0
363,1.0
367,1.5
369,1.25
370,1.25
372,1.25
373,1.25
374,1.25
375,1.25
376,1.25
380,1.25
381,1.25
384,1.5
387,1.25
388,1.5
389,1.25
390,1.25
391,1.5
392,1.25
394,1.0
395,1.0
396,1.25
397,1.25
398,1.0
400,1.5
401,1.5
402,1.5
403,1.25
406,1.25
407,1.25
409,1.25
410,1.5
411,1.25
412,1.25
415,1.25
417,1.0
418,1.25
420,1.0
421,1.25
422,1.5
424,1.0
425,1.25
426,1.25
427,1.0
428,1.25
429,1.0
430,1.25
431,1.25
432,1.0
433,1.0
435,1.0
436,1.0
438,0.75
439,1.0
442,1.5
444,1.5
446,1.5
449,1.5
450,1.5
451,1.5
452,1.25
453,1.75
457,1.25
458,1.25
459,1.5
460,1.5
462,1.5
465,1.25
466,1.0
468,1.0
469,1.0
473,1.5
475,1.75
476,1.5
477,1.25
478,1.0
479,1.25
481,1.25
482,1.25
483,1.0
484,1.25
485,1.0
488,1.25
490,1.25
491,1.25
492,1.0
493,1.0
495,1.5
496,1.5
498,1.5
499,1.5
503,1.0
504,1.25
505,1.0
506,1.0
507,1.25
508,1.0
509,1.0
510,0.75
511,1.0
512,1.0
514,1.75
515,1.5
516,1.25
518,1.25
519,1.25
521,1.5
522,1.25
528,1.0
530,1.75
534,1.25
535,1.25
537,1.25
538,1.0
539,1.25
540,1.0
541,1.25
543,-757.0
544,-1176.0
545,1.5
546,1.5
547,1.5
548,1.5
550,1.25
551,1.25
553,1.25
554,1.25
555,1.0
556,1.0
557,1.25
561,1.5
565,1.5
566,1.25
567,1.25
568,1.25
569,1.5
570,1.25
571,1.0
573,1.0
574,1.0
575,1.0
576,1.25
577,1.75
578,1.5
580,1.5
581,1.25
583,1.25
584,1.5
585,1.5
586,1.5
587,1.5
588,1.5
589,1.25
591,1.0
593,1.25
594,1.5
595,1.5
596,1.5
597,1.5
598,1.5
599,1.5
600,1.5
601,1.25
602,1.25
603,1.5
604,1.5
606,1.25
607,1.25
609,1.25
610,1.25
611,-4907.25
612,1.25
613,1.5
615,1.25
616,1.5
619,1.25
620,1.25
623,1.25
624,1.0
625,1.0
626,1.0
628,1.0
629,1.5
630,1.5
631,1.5
632,1.25
634,1.25
635,1.25
636,1.25
638,1.25
639,1.25
640,1.25
642,159.5
643,1.25
644,-412.5
647,1.25
648,1.0
649,1.0
650,1.25
651,1.25
652,1.0
653,0.75
655,1.75
657,1.5
658,1.5
659,1.5
660,1.25
661,1.5
662,1.25
663,1.25
664,1.25
665,1.25
668,1.5
669,1.25
670,1.0
671,1.25
673,1.25
674,1.0
675,1.0
676,1.75
678,1.5
679,1.5
680,1.25
681,1.25
682,1.25
683,1.25
685,1.25
686,1.0
689,1.0
690,1.25
693,1.5
696,1.5
697,1.5
700,1.25
701,1.5
703,1.25
704,1.25
705,1.5
706,1.25
707,1.5
708,1.0
709,1.0
710,1.0
711,1.0
712,1.25
714,1.25
715,1.0
720,1.0
721,1.25
722,1.5
724,1.5
725,1.25
726,1.25
727,1.25
728,1.5
730,5789.25
731,1.25
733,1.25
734,1.25
735,-5267.75
736,1.25
737,1.0
738,1.25
740,1.25
741,1.25
744,1.25
745,1.25
746,1.5
747,1.5
749,1.5
751,1.5
754,1.25
755,1.25
757,31.5
758,1.0
760,1.25
761,1.25
762,1.0
763,1.0
765,1.0
766,1.0
768,1.0
770,1.5
771,1.5
774,1.5
776,1.25
778,1.25
779,1.0
780,1.25
782,1.25
784,1.75
788,1.5
790,1.5
791,1.25
794,1.0
797,1.0
798,1.25
799,1.0
800,1.25
801,1.0
805,1.75
806,1.5
809,1.25
811,1.25
814,1.25
816,1.0
817,1.5
821,1.25
822,1.0
824,1.5
825,1.5
826,1.5
828,1.0
829,1.25
830,1.25
833,1.0
834,1.0
835,1.0
836,1.0
839,1.5
840,1.5
842,1.5
843,1.5
845,1.25
846,1.25
847,1.25
848,1.0
850,1.25
851,1.25
852,1.25
853,1.0
854,1.0
855,1.5
857,1.5
858,1.25
860,1.25
861,1.25
864,1.25
865,1.5
866,1.5
867,1.0
868,1.0
870,1.5
872,1.5
873,1.5
874,1.5
875,1.25
876,1.0
877,1.5
878,1.25
879,1.25
882,1.25
883,1.0
884,1.0
886,1.5
887,1.5
888,1.75
890,1.5
892,1.5
893,-268.0
894,1.25
896,1.25
898,1.25
900,1.25
902,1.25
904,1.25
907,1.25
909,1.5
912,1.25
915,1.25
916,1.25
917,1.0
918,1.25
922,1.25
925,1.25
926,1.25
927,1.5
928,1.5
931,1.25
932,1.25
933,1.25
934,1.25
937,1.5
938,1.5
940,1.25
941,1.5
943,1.25
945,1.25
948,1.5
949,1.5
950,1.25
952,1.25
953,1.25
956,1.0
957,1.0
958,1.25
960,1.5
962,1.5
963,1.5
964,1.5
968,1.5
969,1.5
970,1.25
971,1.0
972,1.5
973,1.25
974,1.25
975,1.0
977,1.25
979,1.25
980,1.5
981,1.5
983,1.25
985,1.25
986,1.25
988,1.25
990,1.0
991,1.25
994,1.0
995,1.25
996,1.0
997,1.25
998,0.75
999,1.0
1001,1.5
1002,1.5
1003,1.25
1006,1.25
1007,1.25
1009,1.25
1010,1.25
1012,1.25
1013,1.0
1014,1.0
1015,1.5
1016,1.5
1018,1.5
1019,1.5
1020,1.5
1022,1.5
1024,1.25
1025,1.25
1026,1.0
1028,1.5
1029,1.5
1031,1.5
1032,1.5
1034,1.5
1035,1.5
1040,1.25
1041,1.0
1042,1.25
1043,1.25
1044,1.0
1045,1.0
1046,1.0
1048,1.0
1050,1.5
1051,1.75
1053,1.5
1056,1.5
1057,1.5
1058,1.5
1059,1.25
1062,1.0
1063,1.0
1064,1.0
1065,1.0
1066,1.0
1071,1.25
1074,1.5
1075,1.25
1079,1.25
1080,1.5
1081,1.5
1082,1.25
1083,1.5
1085,1.25
1086,1.25
1088,1.25
1089,1.0
1090,1.0
1091,1.0
1092,1.25
1093,1.0
1095,1.5
1096,1.25
1097,1.0
1098,1.25
1100,1.25
1103,1.25
1104,1.0
1105,1.25
1106,1.0
1108,1.0
1109,1.0
1110,1.25
1112,1.5
1113,1.5
1114,1.5
1115,1.25
1117,1.5
1118,1.5
1120,1.25
1121,1.25
1123,1.25
1124,1.25
1125,1.25
1127,1.25
1128,1.25
1129,0.75
1130,1.5
1131,1.75
1132,1.5
1133,1.5
1135,1.5
1137,1.25
1138,1.5
1139,1.75
1141,1.5
1142,1.25
1144,1.5
1145,1.25
1147,1.0
1148,1.0
1150,1.75
1152,1.5
1153,1.5
1155,1.0
1156,1.0
1158,1.25
1160,1.25
1162,1.75
1163,1.5
1164,1.5
1166,1.5
1167,1.0
1168,1.0
1171,1.25
1173,1.5
1174,1.25
1175,1.5
1176,1.5
1177,1.5
1178,1.25
1179,1.25
1180,1.5
1182,1.0
1183,1.25
1184,1.5
1185,1.25
1186,1.25
1187,1.5
1189,1.25
1190,1.25
1191,1.5
1192,1.0
1194,1.0
1195,1.25
1198,1.0
1199,1.25
1200,1.0
1201,1.0
1202,1.0
1206,1.25
1208,1.25
1209,1.25
1210,1.25
1211,1.5
1212,1.25
1215,-241.75
1216,1.0
1217,1.0
1220,1.25
1222,1.25
1223,1.5
1224,1.25
1225,1.25
1226,-7030.5
1228,1.25
1229,1.5
1230,1.5
1231,1.25
1232,1.25
1233,1.5
1234,1.25
1240,1.0
1244,1.5
1247,1.25
1248,1.25
1251,1.5
1252,1.5
1254,1.25
1255,1.0
1256,1.25
1258,1.0
1260,1.0
1261,1.0
1266,1.0
1268,1.75
1271,1.5
1272,1.25
1274,1.25
1276,1.5
1277,1.25
1280,1.25
1282,1.0
1283,1.0
1284,1.0
1285,1.5
1286,1.5
1287,1.5
1288,1.5
1289,1.25
1290,1.5
1291,1.5
1294,1.5
1297,1.25
1298,-246.75
1300,1.25
1302,1.25
1303,1.0
1304,1.0
1305,1.0
1306,1.0
1308,1.0
1309,1.0
1310,1.0
1311,1.0
1312,1.25
1313,1.5
1315,1.25
1316,1.5
1317,1.25
1318,1.25
1319,1.25
1320,1.25
1322,1.0
1324,1.0
1326,1.25
1328,1.5
1329,1.5
1332,1.25
1333,1.25
1334,1.25
1335,1.0
1336,1.25
1338,1.25
1339,1.25
1340,1.5
1343,1.25
1344,1.5
1346,1.0
1351,1.0
1352,1.0
1353,0.75
1354,1.0
1355,0.75
1356,1.5
1357,1.5
1359,1.25
1361,12.25
1363,1.25
1365,1.25
1366,1.25
1367,1.0
1368,1.25
1369,1.25
1370,1.25
1371,1.25
1372,1.0
1374,1.25
1375,1.25
1376,1.0
1377,1.0
1378,1.25
1379,1.0
1380,1.0
1382,1.0
1383,1.25
1385,1.25
1387,1.5
1389,1.5
1390,1.5
1391,1.5
1393,1.25
1394,1.0
1396,1.0
1397,1.25
1400,-225.5
1402,1.0
1403,0.75
1405,1.5
1406,1.5
1408,1.75
1409,-208.0
1410,1.5
1411,1.5
1412,1.5
1413,1.5
1414,1.5
1415,1.5
1417,1.25
1419,1.25
1420,1.0
1421,1.25
1423,1.25
1424,1.25
1425,1.0
1427,1.0
1428,1.5
1429,1.25
1431,1.25
1432,1.25
1433,1.25
1434,1.0
1435,1.25
1436,1.0
1437,1.0
1438,1.0
1439,0.75
1440,1.25
1441,1.5
1443,1.5
1444,1.25
1445,1.25
1447,1.25
1448,1.5
1449,1.25
1450,1.0
1452,1.0
1453,1.0
1454,1.25
1455,1.25
1456,1.0
1457,1.0
1458,1.0
1461,1.25
1462,1.0
1463,1.0
1464,1.75
1465,1.5
1466,1.5
1469,1.5
1471,1.5
1472,5683.25
1474,1.25
1475,1.25
1478,1.25
1479,1.5
1480,1.25
1481,1.0
1483,1.0
1486,1.0
1492,1.25
1493,1.25
1494,1.25
1495,1.25
1497,1.0
1498,1.5
1500,1.5
1501,1.0
1502,1.25
1503,1.25
1504,1.0
1505,1.0
1506,1.5
1507,1.5
1508,1.25
1509,1.25
1510,1.25
1511,1.25
1512,1.25
1514,1.25
1515,1.25
1516,-270.5
1517,-258.25
1518,1.25
1519,1.0
1520,1.25
1522,1.0
1526,1.0
1527,1.0
1528,1.0
1529,1.0
1530,1.5
1531,1.5
1532,1.5
1534,1.5
1535,1.5
1537,1.25
1538,1.25
1539,1.25
1541,1.25
1542,1.0
1544,1.25
1548,-8963.5
1550,1.25
1551,1.5
1555,1.25
1556,1.25
1558,1.25
1559,1.25
1561,1.0
1562,-135.75
1563,1.0
1564,1.0
1566,1.25
1567,1.5
1568,1.5
1569,1.25
1573,1.5
1575,1.25
1576,1.5
1577,1.5
1578,1.25
1580,1.25
1581,-240.75
1582,1.25
1583,1.25
1585,1.25
1586,1.25
1587,1.0
1590,1.0
1591,1.75
1593,1.5
1594,1.5
1595,1.5
1596,1.5
1597,1.5
1600,1.5
1602,1.25
1603,1.25
1604,1.25
1605,1.5
1606,1.25
1607,1.25
1608,1.25
1609,1.25
1610,1.25
1611,1.25
1612,1.25
1613,1.0
1614,1.75
1615,1.25
1616,1.5
1617,1.5
1618,1.5
1619,1.5
1620,1.5
1621,1.5
1623,1.5
1624,1.25
1625,1.5
1626,1.25
1627,1.25
1628,1.5
1629,1.5
1631,1.0
1632,1.0
1633,1.0
1635,1.0
1636,0.75
1637,1.5
1638,1.75
1639,1.75
1640,1.5
1641,1.75
1642,1.5
1646,-216.5
1647,1.25
1648,1.0
1650,1.0
1651,1.0
1653,1.0
1655,1.5
1656,1.5
1658,1.5
1659,1.25
1660,1.25
1662,1.25
1665,1.5
1666,1.5
1667,1.5
1669,1.25
1671,1.25
1673,1.0
1674,1.25
1675,1.5
1677,1.75
1678,1.75
1679,1.5
1680,1.5
1681,1.5
1682,1.5
1683,1.5
1684,1.25
1686,1.25
1687,1.25
1689,1.0
1691,1.0
1692,1.0
1693,1.25
1697,1.5
1698,1.5
1700,1.5
1701,1.5
1702,1.5
1704,1.25
1705,1.25
1706,1.25
1708,1.25
1710,1.0
1711,1.0
1714,1.5
1718,1.25
1719,1.25
1720,1.25
1722,1.25
1723,1.25
1724,1.25
1725,1.25
1728,1.0
1730,1.25
1731,1.0
1733,1.5
1734,1.5
1735,1.25
1736,1.25
1737,1.25
1738,1.5
1739,1.25
1740,1.5
1741,1.5
1742,1.25
1745,1.5
1746,1.25
1748,1.25
1750,1.25
1751,1.25
1752,1.25
1754,1.0
1755,1.0
1756,1.25
1757,1.25
1760,1.0
1762,1.5
1765,1.25
1768,1.25
1769,1.0
1770,1.0
1771,1.0
1772,0.75
1773,0.75
1776,0.75
1777,1.75
1778,1.5
1779,1.25
1780,1.25
1781,1.25
1782,1.25
1783,1.25
1784,1.5
1785,1.25
1786,1.25
1788,1.25
1789,1.5
1790,1.25
1791,1.25
1792,1.0
1793,1.25
1794,1.5
1795,1.5
1796,1.5
1797,1.5
1800,1.25
1801,1.25
1802,1.25
1803,1.5
1805,1.25
1807,1.0
1809,1.25
1810,-265.0
1811,1.0
1812,1.25
1813,1.0
1814,1.25
1817,1.5
1819,1.25
1820,1.25
1821,1.25
1823,1.25
1824,1.0
1827,1.0
1828,1.0
1829,0.75
1830,1.25
1831,1.5
1832,1.5
1833,1.5
1835,1.25
1836,1.25
1837,1.25
1838,1.25
1839,1.25
1841,1.5
1842,1.25
1843,1.25
1844,1.25
1845,1.5
1846,1.0
1849,1.25
1850,1.0
1851,1.0
1852,1.25
1853,1.0
1854,1.0
1856,1.0
1857,1.0
1859,1.5
1860,1.5
1861,1.75
1862,1.5
1863,1.5
1864,1.25
1865,1.25
1866,1.5
1867,1.25
1868,1.0
1869,0.75
1872,1.0
1873,1.0
1874,0.75
1875,1.0
1876,1.5
1877,1.5
1878,1.5
1879,1.5
1881,1.5
1882,1.5
1883,1.5
1885,1.25
1889,-204.0
1890,1.0
1894,1.0
1896,1.0
1897,1.0
1898,0.75
1901,1.5
1902,1.25
1904,1.25
1905,-200.75
1906,1.25
1907,1.25
1908,1.25
1910,1.25
1911,1.0
1912,1.0
1913,1.0
1914,1.0
1917,1.0
1918,1.5
1922,1.5
1924,1.5
1926,1.5
1927,1.5
1928,1.25
1929,1.25
1930,1.25
1931,1.25
1932,1.5
1934,1.0
1935,1.0
1936,1.0
1937,1.25
1939,1.5
1941,1.5
1942,1.25
1944,1.0
1945,1.0
1946,1.25
1947,1.0
1948,1.25
1949,1.25
1950,1.25
1951,1.0
1952,1.25
1953,1.25
1954,1.5
1955,1.25
1956,1.5
1957,1.25
1958,130.5
1960,1.25
1961,1.25
1962,1.25
1963,1.5
1964,1.0
1967,1.0
1969,1.25
1970,1.0
1972,1.5
1973,1.25
1974,1.5
1977,1.25
1978,1.25
1980,1.25
1982,1.25
1983,1.25
1984,1.25
1986,1.0
1987,1.0
1988,1.5
1990,1.5
1991,1.25
1993,1.25
1994,1.5
1995,1.25
1997,1.25
1998,1.25
2001,1.0
2002,1.0
2004,1.0
2005,1.75
2006,1.75
2007,1.0
2008,1.0
2009,1.25
2011,1.0
2012,1.0
2014,1.0
2015,1.25
2017,1.0
2018,1.0
2020,1.0
2021,1.0
2023,1.0
2024,1.25
2026,1.5
2027,1.25
2028,1.5
2029,1.5
2030,1.25
2031,1.25
2032,1.5
2033,1.5
2034,1.25
2035,1.25
2036,1.25
2037,1.25
2038,1.0
2040,1.5
2041,1.5
2042,1.75
2043,1.25
2045,1.25
2047,1.25
2048,1.5
2049,1.25
2050,1.5
2051,1.25
2052,1.25
2053,1.25
2055,1.25
2056,1.25
2059,1.0
2060,1.5
2062,1.5
2063,1.5
2065,1.5
2066,1.5
2069,1.25
2070,1.25
2072,1.5
2073,1.25
2074,1.25
2076,1.25
2078,1.25
2079,1.0
2081,1.0
2082,1.0
2083,0.75
2084,1.5
2085,1.5
2089,1.25
2091,5412.5
2092,1.5
2093,1.5
2094,1.25
2095,1.25
2096,1.25
2097,1.25
2098,1.25
2099,1.25
2100,1.5
2101,1.25
2102,1.25
2104,1.0
2105,1.0
2107,1.0
2108,1.0
2110,1.25
2111,1.0
2113,1.5
2114,1.5
2115,1.5
2117,1.25
2118,1.5
2120,1.25
2121,1.25
2124,1.25
2125,1.25
2126,1.25
2128,1.5
2129,1.25
2130,1.0
2131,1.25
2132,1.25
2133,1.25
2134,1.75
2136,1.5
2138,1.25
2139,1.25
2140,1.5
2141,1.5
2143,1.25
2144,-281.0
2146,1.5
2147,1.25
2151,1.25
2152,1.25
2154,1.5
2157,1.25
2158,1.5
2159,1.25
2163,1.25
2164,1.0
2165,1.0
2166,1.25
2167,1.25
2168,1.25
2169,1.0
2170,1.5
2172,1.25
2173,1.25
2175,1.25
2177,1.0
2178,1.5
2179,1.5
2180,1.25
2182,1.25
2183,1.25
2184,1.25
2187,0.75
2188,1.0
2189,1.0
2190,1.0
2192,1.0
2195,1.0
2196,1.25
2197,1.5
2198,1.25
2199,1.25
2200,1.25
2202,1.25
2203,1.25
2204,1.25
2207,1.75
2209,1.5
2210,1.25
2211,1.25
2212,1.5
2213,1.5
2217,1.0
2218,1.0
2220,1.0
2221,1.0
2222,1.5
2223,1.25
2225,1.25
2227,-282.5
2228,1.25
2232,1.5
2233,71.5
2234,1.25
2235,1.0
2236,-235.75
2237,1.0
2238,1280.0
2240,1.0
2241,1.0
2242,1.0
2243,1.0
2245,1.5
2246,1.75
2247,1.5
2248,1.25
2249,1.25
2251,1.25
2252,1.25
2253,1.25
2254,-234.0
2255,1.25
2256,1.0
2257,1.25
2260,1.0
2261,1.25
2262,1.5
2263,1.5
2264,1.25
2265,1.25
2266,1.25
2267,1.25
2269,1.0
2270,1.25
2271,1.0
2273,1.25
2274,1.0
2275,1.25
2276,1.0
2277,1.0
2279,1.25
2284,1.5
2286,1.25
2287,1.5
2288,-217.5
2290,1.5
2292,1.0
2293,133.75
2294,1.0
2295,1.0
2296,1.0
2297,1.0
2299,1.25
2301,-271.75
2302,1.0
2303,1.25
2304,1.25
2307,1.0
2309,1.0
2310,1.0
2311,1.0
2313,1.0
2314,1.25
2316,1.5
2317,1.25
2318,1.25
2319,1.25
2320,1.25
2321,1.0
2323,1.0
2324,1.25
2326,0.75
2327,1.0
2328,-189.5
2330,1.0
2333,-226.5
2334,40.75
2337,1.5
2338,1.5
2339,1.5
2341,1.25
2342,1.25
2344,1.0
2345,1.25
2346,1.25
2347,1.0
2349,1.0
2350,1.0
2351,1.0
2352,1.25
2353,1.25
2354,1.5
2356,1.0
2358,1.25
2359,1.0
2360,1.25
2361,1.25
2362,1.25
2363,1.0
2364,1.25
2365,1.5
2366,1.75
2369,1.5
2371,1.25
2372,1.25
2373,1.25
2374,1.25
2377,1.0
2379,1.0
2380,1.0
2381,1.0
2382,1.25
2383,0.75
2384,1.0
2385,0.75
2386,1.0
2387,1.5
2388,1.5
2389,1.25
2390,1.5
2391,1.5
2392,1.25
2394,1.25
2396,1.25
2397,1.5
2398,1.25
2399,1.25
2401,1.25
2402,1.25
2404,1.0
2405,1.25
2406,1.0
2408,1.25
2410,1.0
2411,1.0
2413,1.25
2415,1.25
2417,1.5
2418,1.25
2420,1.25
2422,1.5
2423,1.25
2427,1.25
2428,1.25
2429,1.0
2430,1.0
2431,1.0
2433,1.0
2434,1.5
2435,1.5
2436,1.5
2438,1.25
2439,1.25
2440,1.5
2441,1.5
2442,1.5
2444,1.25
2445,1.25
2446,1.5
2447,1.25
2448,1.0
2449,1.25
2450,1.25
2451,1.0
2452,1.0
2454,1.0
2455,1.25
2456,1.5
2457,1.5
2458,1.5
2460,1.25
2461,1.5
2462,1.5
2464,1.25
2467,1.0
2468,1.25
2469,1.0
2470,1.0
2472,1.0
2473,1.25
2474,1.5
2475,1.5
2476,1.25
2479,1.5
2481,1.0
2482,1.0
2483,1.25
2484,0.75
2485,1.0
2486,1.0
2487,1.0
2488,1.0
2490,1.5
2493,1.25
2495,1.25
2496,1.0
2497,1.25
2500,1.0
2501,1.25
2502,1.25
2504,1.0
2507,1.25
2509,1.5
2510,1.5
2512,1.5
2513,1.25
2516,1.25
2517,1.25
2518,1.25
2519,1.5
2520,1.0
2522,1.0
2523,1.0
2524,1.0
2526,1.0
2528,1.25
2529,-282.25
2530,1.5
2531,1.5
2532,1.25
2533,1.25
2534,1.25
2535,1.25
2537,1.25
2538,1.25
2540,1.0
2541,1.0
2545,1.5
2546,1.25
2547,1.25
2548,1.5
2549,1.5
2550,1.25
2551,1.25
2555,1.0
2556,1.25
2557,1.0
2560,1.75
2561,1.5
2562,1.5
2563,1.5
2565,1.5
2566,1.5
2567,1.5
2568,1.25
2569,1.25
2570,1.0
2571,1.25
2572,1.5
2573,1.25
2575,1.75
2576,1.5
2577,1.75
2578,1.5
2579,1.25
2580,1.25
2581,1.25
2583,1.25
2588,1.0
2589,1.0
2590,1.25
2591,1.25
2594,1.5
2595,1.5
2597,1.5
2598,1.5
2599,1.25
2600,1.25
2602,1.0
2604,1.0
2605,1.25
2607,1.25
2608,1.0
2609,1.5
2610,1.5
2611,1.25
2612,1.25
2613,1.25
2615,1.0
2616,1.0
2618,1.25
2620,1.5
2622,1.5
2623,1.5
2624,1.25
2626,1.25
2629,1.25
2630,1.25
2631,1.25
2632,1.25
2633,1.25
2635,1.0
2636,1.0
2637,1.0
2639,1.0
2640,1.25
2641,1.0
2645,1.25
2646,1.5
2648,1.0
2649,1.25
2651,1.0
2653,1.0
2658,1.5
2661,1.5
2662,1.5
2663,1.5
2664,1.25
2665,1.25
2666,1.25
2668,1.25
2669,1.25
2670,1.5
2671,1.25
2672,1.25
2673,1.25
2674,1.0
2675,1.0
2676,1.0
2677,1.5
2678,-214.25
2679,1.75
2681,1.5
2682,1.5
2683,1.5
2684,1.75
2685,1.5
2686,1.5
2689,1.5
2690,1.5
2691,1.25
2692,1.5
2693,1.25
2694,1.5
2695,1.25
2697,1.0
2698,1.0
2702,1.25
2703,1.75
2705,1.5
2706,1.5
2708,1.5
2709,1.5
2711,1.25
2713,1.25
2715,1.25
2716,1.25
2717,1.0
2718,1.25
2721,1.5
2722,1.5
2724,1.5
2725,1.5
2726,1.25
2727,1.25
2729,1.25
2730,1.5
2733,1.0
2735,1.5
2737,1.25
2738,1.25
2739,1.0
2740,1.25
2741,1.0
2742,1.25
2743,1.25
2744,1.5
2745,1.25
2747,1.25
2749,1.25
2752,1.5
2753,1.25
2754,1.25
2755,1.25
2756,1.25
2757,1.0
2758,1.25
2759,1.25
2760,1.25
2762,1.0
2763,1.25
2764,1.0
2765,1.0
2766,1.25
2767,1.0
2768,1.25
2769,1.0
2770,1.0
2771,1.0
2772,-227.25
2773,1.25
2774,1.25
2775,1.75
2776,1.5
2779,1.25
2781,1.5
2783,1.25
2784,1.25
2785,1.25
2788,1.0
2789,1.0
2791,1.0
2793,-236.75
2794,1.0
2795,1.0
2797,1.5
2798,1.75
2799,1.75
2800,1.75
2802,1.25
2803,1.5
2806,1.25
2807,1.25
2808,1.25
2809,1.0
2811,1.25
2813,1.0
2815,0.75
2816,1.0
2818,1.5
2819,1.5
2820,1.5
2821,1.25
2823,1.25
2824,1.25
2825,1.25
2827,1.0
2828,1.25
2830,1.25
2832,1.25
2834,1.25
2837,1.5
2841,1.25
2842,1.0
2843,1.25
2844,1.25
2845,1.0
2848,1.0
2852,1.25
2854,1.5
2855,1.25
2856,1.5
2858,1.25
2860,1.5
2861,1.25
2862,1.25
2863,1.25
2867,1.25
2868,1.25
2869,1.25
2873,1.25
2874,1.25
2875,1.5
2877,1.25
2878,1.25
2879,1.25
2882,1.25
2883,1.0
2885,1.0
2886,1.0
2889,1.5
2892,1.25
2893,1.5
2894,1.25
2895,1.25
2897,1.25
2898,1.0
2901,1.25
2902,1.0
2904,1.0
2905,1.0
2906,1.0
2907,1.25
2908,1.0
2909,1.0
2910,1.0
2911,1.0
2913,1.5
2914,-214.0
2917,970.75
2918,1.5
2919,1.25
2920,1.25
2921,1.5
2922,1.25
2924,1.5
2925,1.5
2929,1.0
2930,1.25
2932,1.5
2933,1.25
2934,1.5
2935,1.25
2936,1.5
2937,1.5
2938,1.5
2940,1.25
2942,1.5
2943,1.0
2944,-1215.5
2945,1.25
2946,1.25
2949,1.25
2950,1.25
2951,1.0
2954,1.5
2956,1.25
2957,1.25
2958,1.25
2959,1.25
2961,1.25
2962,1.0
2963,1.25
2964,0.75
2965,0.75
2966,1.5
2967,1.5
2968,1.25
2969,-205.0
2970,1.5
2971,1.5
2972,1.5
2976,1.0
2977,-259.25
2980,1.0
2981,1.0
2982,1.0
2983,1.5
2985,1.25
2986,-234.25
2987,1.25
2988,1.25
2989,1.25
2991,1.25
2992,-187.25
2993,1.25
2994,1.25
2995,1.25
2996,1.25
2998,1.25
2999,1.25
3000,1.5
3002,1.5
3003,1.25
3006,1.0
3009,1.0
3010,1.25
3011,1.0
3013,1.0
3017,1.5
3018,1.5
3019,1.5
3020,1.5
3021,1.25
3022,1.5
3024,1.25
3025,1.25
3026,1.5
3029,1.25
3030,1.0
3033,1.0
3034,1.0
3035,0.75
3038,1.5
3039,1.5
3041,1.25
3043,1.25
3044,1.25
3045,1.0
3047,1.0
3048,1.25
3049,1.25
3050,1.25
3052,1.25
3053,1.25
3054,1.0
3056,1.25
3058,1.25
3059,1.25
3060,1.0
3061,1.0
3062,1.0
3063,1.25
3064,1.25
3065,1.0
3066,1.5
3068,1.75
3069,1.5
3070,1.5
3071,1.75
3072,1.5
3073,1.5
3074,1.5
3075,1.25
3077,1.5
3078,1.5
3080,1.25
3081,1.25
3082,1.5
3083,1.0
3084,1.25
3085,1.5
3087,1.25
3088,1.25
3089,1.0
3091,1.0
3100,1.5
3101,1.75
3102,1.5
3103,1.5
3104,1.5
3105,1.5
3107,1.5
3108,1.5
3109,1.5
3110,1.5
3111,1.5
3112,1.5
3113,1.25
3114,1.25
3115,1.5
3119,1.25
3120,1.0
3123,1.0
3124,1.5
3125,1.25
3126,1.25
3128,1.25
3131,1.5
3132,1.25
3135,1.25
3136,1.25
3137,1.0
3138,1.0
3139,1.25
3141,1.0
3144,1.0
3145,1.0
3147,1.5
3150,1.5
3151,1.25
3153,1.25
3154,1.25
3157,1.25
3158,1.5
3159,1.25
3160,1092.5
3161,-213.5
3162,1.25
3163,1.25
3164,1.0
3165,1.0
3166,1.0
3167,1.25
3169,1.0
3171,1.5
3172,1.5
3173,1.5
3174,-213.5
3175,1.25
3176,1.25
3180,1.25
3181,1.25
3182,1.25
3183,1.25
3185,1.25
3186,1.25
3187,1.0
3188,1.25
3190,1.25
3192,1.5
3193,1.5
3196,1.25
3200,1.25
3201,1.25
3202,1.0
3203,1.0
3204,1.0
3205,1.5
3206,1.25
3207,1.5
3208,1.25
3209,1.25
3211,1.25
3212,1.0
3213,1.25
3214,1.25
3216,1.25
3217,1.0
3218,1.75
3219,1.5
3220,1.25
3221,1.5
3223,1.0
3225,1.25
3226,1.25
3227,1.0
3228,1.5
3230,1.25
3232,1.5
3233,1.5
3234,1.25
3235,1.5
3236,1.25
3237,1.25
3239,1.25
3240,1.25
3242,1.0
3243,1.0
3244,1.0
3245,1.25
3246,1.0
3247,1.0
3248,1.0
3251,1.5
3252,1.5
3253,1.25
3254,1.5
3256,1.25
3257,1.25
3259,1.0
3260,1.0
3261,1.25
3263,1.0
3264,1.25
3265,1.0
3266,1.0
3267,1.5
3268,1.25
3269,1.5
3270,1.5
3271,1.25
3272,1.5
3273,1.25
3274,1.25
3275,-260.75
3277,1.25
3278,1.25
3279,1.0
3281,1.25
3282,1.25
3283,1.0
3284,1.0
3285,1.0
3286,1.0
3287,1.0
3289,1.5
3290,1.5
3291,1.5
3292,1.5
3293,1.25
3295,1.5
3296,1.25
3297,1.25
3299,1.25
3300,1.25
3301,1.25
3304,1.0
3305,1.25
3306,1.0
3307,1.0
3308,1.5
3309,1.5
3313,1.25
3314,1.25
3315,1.25
3316,1.0
3317,1.25
3318,1.25
3319,1.25
3321,1.0
3322,1.25
3324,1.5
3325,1.5
3327,1.25
3328,1.5
3330,1.25
3331,1.5
3332,1.25
3333,-242.5
3334,1.25
3336,1.0
3338,1.5
3339,1.5
3340,1.5
3341,1.5
3342,1.5
3344,1.25
3346,1.5
3347,1.5
3348,1.25
3350,1.25
3351,1.5
3352,1.25
3354,1.25
3355,1.5
3356,1.25
3358,1.0
3360,1.25
3361,1.25
3363,1.0
3364,1.0
3370,1.5
3371,1.25
3372,1.25
3373,1.5
3374,1.5
3376,1.25
3377,1.25
3378,1.5
3379,1.25
3380,1.25
3384,0.75
3386,1.5
3388,1.0
3391,1.0
3392,1.0
3394,1.25
3395,1.0
3396,0.75
3397,0.75
3398,1.75
3399,1.5
3400,1.25
3401,1.5
3402,1.5
3403,1.25
3406,1.25
3407,1.25
3408,1.5
3410,1.25
3413,1.25
3414,1.25
3415,1.25
3418,1.25
3419,1.0
3420,1.0
3422,1.5
3424,1.25
3425,1.25
3426,1.25
3430,1.25
3431,1.0
3432,1.0
3434,1.25
3435,1.5
3437,1.5
3440,1.5
3441,1.5
3442,1.75
3443,-3696.0
3444,1.5
3446,1.25
3447,1.5
3448,1.25
3449,1.5
3452,1.0
3453,1.25
3454,1.25
3456,1.5
3458,1.5
3459,1.5
3460,1.5
3461,1.5
3463,1.5
3464,1.0
3466,1.25
3468,1.25
3469,1.0
3470,1.0
3471,1.0
3472,1.0
3473,1.0
3475,1.5
3477,1.5
3478,1.5
3481,1.25
3484,1.75
3487,1.25
3489,1.5
3492,1.0
3493,1.0
3494,1.25
3495,1.0
3497,1.25
3498,1.25
3499,1.75
3500,1.75
3501,1.5
3503,1.5
3504,1.5
3505,1.5
3507,1.25
3509,1.5
3510,1.5
3512,1.25
3513,1.5
3514,1.5
3515,1.25
3516,1.5
3517,-253.0
3518,1.25
3520,1.0
3522,1.5
3523,1.5
3524,1.5
3526,1.25
3527,1.5
3530,1.25
3532,1.25
3533,1.5
3534,1.0
3535,1.5
3536,1.5
3537,1.25
3538,1.25
3540,1.25
3542,1.0
3543,1.0
3544,1.25
3547,1.0
3548,1.0
3551,1.5
3553,1.5
3554,1.5
3555,1.25
3557,1.5
3558,1.25
3559,1.5
3560,1.5
3561,1.25
3562,1.5
3563,1.25
3564,1.25
3565,1.25
3566,1.25
3567,1.25
3568,1.25
3570,1.25
3572,1.5
3573,1.5
3574,1.5
3576,1.5
3577,1.25
3578,1.5
3579,1.25
3581,1.25
3582,1.5
3583,1.5
3585,1.25
3587,1.25
3589,1.5
3590,1.25
3591,1.25
3592,1.25
3593,1.25
3595,1.25
3596,1.5
3597,1.5
3598,1.5
3599,1.25
3600,1.5
3601,1.25
3603,1.25
3607,1.25
3609,1.25
3610,1.0
3611,1.5
3612,1.75
3613,1.5
3615,1.25
3616,1.25
3617,1.5
3618,1.5
3619,1.25
3620,1.25
3623,1.0
3624,1.25
3627,1.0
3628,1.0
3630,1.25
3636,1.5
3637,1.5
3638,1.5
3639,1.5
3640,1.5
3641,1.25
3642,1.25
3644,1.25
3645,1.25
3646,1.0
3647,1.0
3648,1.0
3649,1.0
3650,1.0
3651,1.5
3652,1.25
3653,1.5
3654,1.5
3655,1.25
3656,1.25
3658,1.25
3659,1.5
3660,1.25
3661,1.25
3662,1.25
3663,1.5
3665,1.25
3666,1.25
3667,1.25
3669,1.0
3670,1.25
3672,1.0
3673,1.75
3677,1.5
3678,1.5
3680,1.5
3681,1.25
3682,1.25
3686,1.25
3687,1.0
3688,1.5
3689,1.75
3690,1.5
3691,1.5
3692,1.5
3693,1.25
3695,1.25
3696,1.0
3697,1.25
3698,1.25
3699,1.0
3700,1.25
3701,1.25
3702,1.0
3703,1.5
3704,1.75
3705,1.5
3706,1.75
3708,1.5
3709,1.25
3710,1.25
3712,1.25
3713,1.25
3714,1.25
3718,1.0
3719,1.0
3720,1.0
3722,1.5
3723,1.25
3725,1.25
3726,1.5
3727,1.25
3728,1.0
3729,1.25
3730,1.0
3734,1.25
3735,1.0
3737,1.5
3738,1.25
3740,1.25
3741,1.5
3743,-258.5
3744,1.25
3745,1.25
3746,1.25
3748,1.5
3749,1.25
3750,1.5
3751,1.5
3752,1.5
3753,1.5
3754,1.25
3755,1.25
3757,1.25
3758,1.25
3759,1.0
3760,1.25
3762,1.5
3763,1.5
3764,1.5
3765,1.5
3766,1.5
3767,1.5
3768,1.25
3770,1.0
3771,1.0
3772,1.0
3773,1.25
3774,1.0
3775,1.0
3778,1.5
3779,1.5
3780,1.75
3781,1.5
3783,1.25
3785,1.5
3786,1.5
3787,1.25
3788,1.25
3789,1.25
3790,1.5
3793,1.25
3794,1.25
3795,1.25
3796,1.25
3800,1.25
3801,1.0
3802,1.25
3803,1.5
3805,1.25
3806,1.25
3809,1.25
3810,1.25
3811,1.25
3812,1.25
3814,1.0
3815,1.25
3816,1.25
3818,1.25
3820,1.25
3821,1.25
3822,1.5
3823,1.5
3825,1.25
3826,1.0
3827,1.0
3828,1.25
3829,1.0
3831,1.0
3835,1.0
3838,1.25
3839,1.25
3842,1.25
3844,1.25
3845,1.25
3846,1.25
3847,1.25
3848,1.25
3850,1.0
3851,1.0
3853,1.25
3854,1.5
3855,1.5
3859,1.25
3860,1.25
3861,1.25
3862,1.25
3863,1.25
3864,1.25
3865,1.25
3866,1.25
3867,1.25
3869,1.25
3870,1.0
3871,1.0
3872,1.25
3874,1.25
3875,1.5
3877,1.5
3878,1.25
3879,1.5
3881,1.5
3882,1.5
3883,1.5
3884,1.5
3886,1.25
3888,1.0
3890,1.25
3891,1.0
3893,1.0
3894,0.75
3896,1.75
3897,1.5
3898,1.25
3900,1.5
3901,1.25
3903,1.0
3905,1.25
3906,1.25
3907,1.25
3909,1.25
3910,1.0
3911,1.0
3912,1.0
3913,1.0
3916,1.5
3917,1.25
3918,1.75
3921,1.5
3922,1.25
3923,1.5
3924,1.5
3925,1.5
3926,1.25
3927,1.25
3928,1.25
3929,1.25
3931,1.25
3932,1.0
3933,1.0
3934,1.25
3935,1.0
3937,1.25
3938,1.0
3939,1.25
3943,1.0
3944,1.75
3947,1.5
3948,1.25
3949,1.25
3950,1.5
3951,1.25
3952,1.25
3953,1.5
3954,1.25
3955,1.25
3956,1.25
3959,1.25
3961,1.0
3962,1.0
3963,-132.5
3967,1.5
3968,1.5
3969,1.25
3970,1.25
3971,1.5
3972,1.25
3973,1.25
3974,1.25
3975,1.0
3976,1.0
3977,1.0
3985,1.5
3987,1.5
3988,1.25
3990,1.5
3992,1.25
3993,1.25
3994,1.25
3998,1.0
4000,1.0
4002,1.75
4003,1.5
4004,1.5
4005,1.75
4006,-270.5
4007,1.25
4009,1.5
4010,1.0
4013,1.0
4014,1.25
4015,1.25
4016,0.75
4017,1.0
4020,1.5
4022,1.25
4027,1.25
4028,1.25
4029,1.0
4030,1.25
4031,1.0
4032,1.0
4033,1.5
4034,1.5
4035,1.5
4037,1.5
4038,1.5
4039,1.25
4040,1.5
4041,1.25
4042,1.0
4043,1.25
4045,1.5
4046,1.25
4049,1.25
4050,1.25
4052,1.25
4053,1.25
4054,1.25
4055,1.25
4056,1.0
4057,1.0
4058,1.5
4059,1.5
4060,1.5
4061,1.5
4062,1.5
4063,1.25
4064,1.5
4066,1.0
4067,1.0
4068,1.0
4069,1.0
4070,0.75
4071,1.25
4075,177.5
4076,1.25
4077,1.25
4078,1.25
4079,1.25
4080,1.25
4081,1.25
4082,1.0
4084,1.25
4086,1.0
4087,1.0
4088,1.0
4089,1.0
4090,0.75
4092,1.5
4093,1.5
4094,1.25
4098,1.0
4099,1.25
4101,1.0
4102,0.75
4103,1.25
4104,1.0
4105,0.75
4106,1.0
4107,1.25
4108,1.25
4110,1.25
4111,1.25
4112,1.25
4113,1.25
4114,1.25
4115,1.25
4116,1.25
4117,1.25
4118,1.0
4119,1.25
4121,1.0
4122,1.0
4123,1.25
4124,1.5
4125,1.5
4126,1.25
4127,1.25
4129,1.25
4130,1.25
4131,1.0
4132,1.25
4133,1.25
4134,1.0
4135,1.0
4136,1.25
4137,1.0
4138,1.25
4139,1.0
4140,1.25
4141,1.5
4142,1.5
4143,1.25
4144,1.5
4147,1.25
4150,1.5
4151,1.5
4152,1.25
4153,1.25
4154,1.25
4157,1.5
4158,1.75
4159,1.75
4160,1.25
4162,1.5
4163,1.5
4165,1.25
4166,1.5
4167,1.25
4169,1.25
4170,1.5
4171,1.25
4172,1.25
4173,1.0
4174,1.0
4175,1.75
4176,1.5
4178,1.25
4181,1.5
4182,1.5
4183,1.5
4184,1.5
4185,1.5
4187,1.5
4188,1.25
4189,1.25
4190,1.25
4191,1.0
4192,1.0
4193,1.0
4194,1.0
4195,1.0
4196,1.25
4197,-2177.5
4199,1.5
4201,1.25
4204,1.5
4205,1.25
4206,1.25
4207,1.25
4208,0.75
4209,1.5
4210,1.5
4211,1.5
4212,1.25
4213,1.5
4214,1.25
4215,1.25
4216,1.25
4217,1.25
4218,1.25
4220,1.0
4221,1.25
4222,1.0
4223,1.0
4225,1.25
4227,1.0
4228,1.0
4229,1.25
4230,1.0
4232,1.5
4233,1.25
4234,1.25
4235,1.5
4236,1.5
4237,1.0
4238,1.0
4239,1.0
4240,1.0
4241,1.0
4242,1.0
4244,1.5
4245,1.75
4246,1.5
4247,1.5
4248,1.25
4249,1.25
4250,1.5
4251,1.25
4253,1.5
4254,1.25
4255,1.25
4257,1.0
4259,1.5
4260,1.5
4261,1.5
4262,1.5
4263,1.75
4265,1.25
4266,1.5
4267,1.25
4269,1.25
4270,1.25
4272,1.25
4274,1.0
4275,1.25
4276,1.0
4278,1.0
4283,1.25
4284,1.5
4285,1.5
4286,1.5
4287,1.25
4288,1.25
4289,1.0
4290,1.25
4293,1.0
4296,0.75
4297,1.5
4299,1.5
4300,1.5
4301,1.25
4302,1.25
4306,1.25
4310,1.0
4313,1.75
4315,1.5
4316,1.5
4318,1.25
4320,1.25
4321,1.25
4322,1.25
4323,1.0
4324,1.0
4325,1.25
4326,1.0
4327,1.25
4328,1.25
4329,1.75
4330,1.5
4331,1.5
4332,1.5
4333,1.5
4334,1.5
4335,1.5
4336,1.25
4337,1.25
4338,1.25
4341,1.25
4342,1.25
4343,1.25
4344,1.25
4345,1.25
4346,1.0
4347,1.25
4349,1.5
4350,1.5
4351,1.5
4352,1.25
4353,1.25
4354,1.25
4356,1.25
4357,1.25
4358,1.25
4359,1.25
4360,1.25
4362,1.25
4364,1.25
4365,1.0
4366,1.0
4367,1.5
4368,1.25
4370,1.5
4373,1.75
4375,1.5
4376,1.0
4377,1.0
4378,1.0
4379,1.0
4380,0.75
4381,1.25
4382,1.0
4383,1.5
4385,1.5
4386,1.5
4387,1.5
4388,1.5
4389,1.5
4391,1.5
4392,1.25
4393,1.5
4394,1.5
4396,1.25
4397,1.5
4398,1.25
4399,1.5
4400,1.0
4401,1.25
4402,1.25
4403,1.5
4404,-252.75
4406,1.25
4407,1.25
4409,1.25
4410,1.25
4411,180.0
4412,1.25
4413,1.25
4414,1.25
4415,1.5
4416,1.0
4418,1.0
4421,1.25
4422,1.25
4423,1.5
4424,1.75
4425,1.5
4426,1.5
4427,1.25
4428,1.25
4430,1.5
4431,1.25
4432,1.5
4433,1.5
4434,1.25
4435,1.25
4437,1.0
4438,1.0
4439,1.0
4440,1.0
4441,1.0
4444,1.0
4445,1.5
4447,1.5
4448,1.5
4450,1.0
4451,1.25
4452,1.25
4453,1.25
4454,1.0
4455,1.0
4457,1.75
4458,1.5
4460,1.25
4461,1.25
4462,1.5
4463,1.5
4464,1.5
4465,1.25
4466,1.25
4467,1.5
4469,1.25
4470,1.25
4472,1.25
4474,1.25
4475,1.0
4476,1.25
4477,1.25
4478,1.25
4479,1.0
4480,1.0
4481,1.75
4482,1.5
4483,1.5
4485,1.5
4486,1.5
4488,1.25
4491,1.5
4494,1.25
4496,1.0
4497,1.25
4500,1.25
4501,1.25
4502,1.0
4503,1.0
4504,1.0
4505,1.5
4506,1.5
4508,132.75
4509,1.5
4510,1.5
4511,1.5
4512,1.25
4513,1.25
4514,1.25
4516,1.25
4517,1.0
4518,1.0
4519,1.5
4523,1.0
4524,1.25
4525,1.0
4526,1.5
4530,1.5
4532,1.5
4533,1.25
4534,1.25
4535,1.25
4536,1.25
4537,1.0
4538,1.25
4539,1.0
4540,1.25
4543,1.25
4544,1.25
4545,1.25
4548,1.0
4549,1.0
4550,1.0
4551,1.75
4552,1.5
4554,1.25
4555,1.25
4557,1.25
4558,1.5
4559,1.25
4561,1.5
4562,1.25
4563,1.25
4567,1.0
4569,1.25
4571,1.5
4573,1.5
4574,1.5
4576,1.5
4578,1.25
4579,1.0
4580,1.25
4581,1.25
4586,1.5
4588,1.25
4589,1.25
4590,1.25
4593,1.0
4594,1.25
4596,1.25
4597,1.25
4598,1.25
4599,1.0
4600,0.75
4601,1.0
4602,1.0
4603,1.0
4604,1.5
4607,1.5
4608,1.5
4609,1.25
4610,1.5
4611,1.5
4612,1.25
4613,1.5
4614,1.5
4615,1.25
4616,1.25
4617,-227.0
4618,1.25
4619,1.25
4620,1.25
4621,1.0
4624,1.0
4627,1.0
4629,1.5
4633,1.25
4634,1.5
4636,1.0
4637,1.5
4638,1.0
4639,1.0
4640,1.0
4641,1.0
4643,1.0
4644,1.5
4645,1.5
4646,1.25
4648,1.5
4650,1.25
4652,1.25
4653,1.25
4657,1.25
4658,1.0
4659,1.0
4660,1.0
4661,1.0
4662,1.25
4663,1.25
4664,1.5
4666,1.5
4667,1.5
4668,1.0
4670,1.5
4671,1.0
4672,1.25
4673,1.25
4674,1.25
4675,1.25
4676,1.25
4677,-62.25
4678,1.0
4680,1.5
4681,1.5
4682,1.75
4685,1.5
4686,1.5
4687,1.5
4689,1.25
4694,1.0
4696,1.25
4699,1.0
4701,1.25
4702,1.0
4703,1.75
4705,1.5
4709,1.5
4710,1.25
4711,1.25
4712,1.25
4714,1.0
4715,1.25
4716,1.0
4717,1.75
4718,1.5
4719,1.5
4722,1.25
4723,1.5
4724,1.5
4725,1.25
4728,133.75
4729,1.25
4731,1.0
4732,1.0
4733,1.25
4738,1.0
4739,1.0
4740,3638.75
4741,1.0
4742,0.75
4744,1.25
4746,1.5
4747,1.5
4749,1.25
4750,1.25
4751,1.25
4753,1.0
4754,1.25
4755,1.25
4756,1.25
4757,1.25
4758,1.0
4759,1.0
4763,1.25
4764,1.5
4765,1.5
4768,108.5
4769,1.25
4771,1.0
4772,1.0
4774,1.0
4775,0.75
4776,1.25
4777,1.0
4778,0.75
4779,1.0
4781,1.5
4782,1.75
4783,1.5
4784,1.5
4785,1.5
4786,1.5
4787,1.25
4788,1.5
4789,1.5
4791,1.25
4792,1.25
4795,0.75
4798,1.25
4804,1.5
4806,1.25
4807,1.25
4809,1.0
4810,1.25
4811,1.0
4812,0.75
4813,1.0
4814,1.5
4815,1.25
4816,1.5
4817,1.5
4818,1.25
4821,1.25
4822,1.25
4823,1.25
4824,1.0
4825,1.25
4826,1.0
4827,1.0
4828,1.0
4830,1.0
4831,1.5
4832,1.5
4833,1.5
4834,1.5
4835,1.5
4839,1.25
4840,1.25
4841,1.25
4842,1.25
4843,1.25
4844,1.25
4845,1.5
4846,-267.0
4848,1.25
4849,1.25
4850,1.0
4853,-269.25
4854,1.5
4855,1.5
4856,1.25
4857,1.5
4859,1.25
4860,1.25
4864,1.25
4866,1.0
4867,1.0
4868,1.25
4869,1.25
4870,1.0
4873,1.25
4874,1.75
4875,1.5
4876,1.5
4877,1.5
4878,1.25
4879,1.5
4880,1.25
4885,1.25
4886,1.0
4888,1.0
4889,1.25
4890,-259.25
4891,1.0
4892,1.25
4893,1.25
4894,1.0
4895,1.25
4896,1.5
4897,1.5
4900,1.25
4902,1.0
4904,1.25
4906,1.0
4907,1.5
4908,1.25
4909,1.0
4910,1.25
4911,1.25
4913,1.0
4915,1.0
4916,1.0
4917,1.0
4918,1.0
4920,1.5
4921,1.25
4922,1.25
4923,1.25
4925,1.25
4927,1.0
4929,1.0
4931,1.0
4932,1.0
4935,1.0
4936,1.0
4939,1.0
4940,1.5
4941,1.5
4944,1.5
4947,1.25
4949,1.25
4950,1.5
4951,1.25
4952,1.5
4953,1.0
4955,1.0
4959,1.25
4960,1.5
4961,1.25
4962,1.25
4963,1.5
4964,1.25
4966,1.25
4967,1.25
4968,1.25
4972,1.25
4973,1.0
4974,1.0
4976,1.25
4978,1.5
4979,1.25
4981,1.25
4982,1.5
4985,1.25
4986,1.25
4987,1.0
4988,1.25
4991,1.25
4992,1.0
4993,1.0
4994,1.0
4998,1.5
4999,1.5
5003,1.0
5004,1.25
5005,1.25
5006,1.25
5007,1.0
5008,1.0
5009,1.0
5010,1.0
5012,1.0
5013,0.75
5016,1.5
5017,1.5
5018,1.5
5019,1.5
5021,1.5
5022,1.5
5023,1.25
5027,1.25
5028,1.25
5029,1.25
5030,1.25
5031,1.25
5033,1.25
5035,1.0
5037,1.25
5040,1.25
5041,1.5
5043,1.5
5044,1.5
5046,1.25
5047,1.25
5048,1.25
5050,1.25
5051,1.0
5054,1.0
5055,1.0
5056,1.0
5057,1.5
5058,1.5
5059,1.5
5060,1.5
5062,1.25
5063,1.5
5064,1.5
5066,1.25
5067,-190.25
5068,1.0
5070,1.25
5071,1.0
5072,1.0
5073,1.75
5074,1.5
5076,1.5
5077,1.25
5078,1.25
5080,1.0
5081,1.25
5083,1.0
5084,1.0
5085,1.0
5086,1.0
5089,1.75
5092,1.5
5094,1.5
5102,1.25
5103,1.25
5104,1.25
5105,1.0
5106,1.25
5107,1.25
5108,1.0
5109,1.0
5110,1.0
5111,1.25
5112,1.25
5113,1.25
5114,1.5
5115,1.25
5117,1.0
5119,1.25
5122,1.0
5123,1652.0
5124,1.5
5126,1.5
5127,1.5
5128,1.25
5129,1.25
5130,1.5
5132,1.0
5133,1.5
5134,1.25
5135,1.25
5136,1.25
5137,1.0
5139,1.5
5140,1.75
5141,1.5
5142,1.5
5143,1.25
5146,1.0
5147,1.0
5148,1.0
5150,1.25
5152,1.25
5153,1.0
5154,1.5
5157,1.5
5159,1.5
5160,1.5
5162,1.5
5163,1.25
5164,1.25
5165,1.25
5166,1.25
5168,1.0
5169,1.25
5171,1.0
5173,-106.0
5174,1.25
5175,1.5
5176,1.25
5180,1.5
5181,1.5
5182,1.25
5185,1.25
5186,1.25
5187,1.0
5188,1.0
5189,1.25
5192,1.25
5193,1.25
5194,1.0
5195,1.5
5197,1.25
5199,1.5
5200,1.25
5202,1.5
5203,1.5
5204,1.5
5205,1.25
5207,1.5
5208,1.25
5209,1.25
5210,1.25
5213,1.0
5215,1.25
5217,1.25
5218,1.0
5219,1.25
5220,1.25
5221,1.0
5225,1.5
5227,1.5
5228,1.5
5229,1.5
5230,1.25
5231,1.25
5232,1.25
5234,1.25
5235,-218.0
5236,1.25
5237,1.25
5238,1.25
5239,1.0
5240,1.0
5241,1.25
5243,391.75
5244,1.5
5245,1.5
5246,1.5
5247,1.25
5248,1.25
5250,1.5
5251,1.25
5253,1.25
5257,1.25
5258,1.0
5259,1.0
5260,1.25
5262,1.25
5263,1.0
5264,1.0
5265,1.25
5267,1.75
5268,1.5
5269,1.25
5270,1.25
5271,1.25
5272,1.5
5274,1.0
5275,1.0
5276,1.0
5278,1.0
5279,1.25
5283,1.5
5284,1.5
5285,1.5
5286,1.5
5291,1.5
5292,1.5
5293,1.25
5294,1.25
5295,1.25
5297,1.25
5298,1.0
5300,1.0
5301,1.25
5302,1.25
5303,1.0
5305,1.0
5307,1.5
5309,1.5
5310,1.25
5312,1.5
5315,1.25
5319,1.0
5320,1.5
5321,1.5
5322,1.5
5323,1.5
5324,1.25
5325,1.0
5326,1.5
5327,1.25
5328,1.25
5329,1.25
5331,13.75
5332,1.25
5333,1.25
5334,1.5
5336,1.25
5340,1.25
5342,1.25
5343,1.25
5344,1.75
5345,1.5
5346,1.25
5347,1.5
5349,1.25
5351,1.25
5352,1.25
5355,1.25
5356,0.75
5358,1.5
5360,1.25
5361,1.25
5362,1.25
5365,1.0
5368,1.25
5369,1.25
5370,1.0
5371,1.0
5372,1.25
5373,1.0
5375,1.0
5376,1.75
5379,1.25
5380,1.5
5381,1.25
5382,1.25
5384,1.5
5385,1.25
5386,1.0
5387,1.0
5388,1.25
5390,1.0
5392,1.0
5393,1.0
5394,1.0
5396,1.0
5397,1.0
5399,1.5
5400,1.5
5401,1.5
5403,1.5
5408,1.25
5409,1.0
5412,1.0
5413,1.75
5414,1.25
5416,1.25
5418,1.5
5419,1.25
5420,1.5
5421,1.5
5422,1.25
5423,1.0
5424,1.0
5425,-219.5
5426,1.0
5427,1.25
5428,1.0
5432,1.0
5433,1.25
5434,1.0
5435,1.0
5436,1.0
5438,1.75
5441,1.5
5444,1.25
5445,1.25
5446,1.25
5447,1.0
5448,1.25
5449,1.25
5451,1.25
5453,1.25
5454,0.75
5455,1.5
5456,1.5
5457,1.5
5458,1.25
5459,1.5
5461,1.5
5462,1.5
5464,1.5
5465,1.25
5467,1.25
5469,1.25
5471,1.25
5474,47.0
5475,1.0
5478,1.25
5479,1.5
5480,1.75
5481,1.5
5483,1.25
5484,1.5
5485,1.25
5486,1.5
5488,1.25
5489,1.25
5490,1.0
5492,1.25
5493,1.0
5494,1.0
5500,1.25
5501,1.5
5502,1.5
5504,1.5
5505,1.5
5506,1.5
5507,1.5
5511,1.25
5512,1.25
5513,1.0
5514,1.25
5517,1.0
5518,1.25
5519,1.0
5521,1.75
5522,1.5
5523,1.5
5524,1.75
5526,1.25
5527,1.25
5529,1.25
5530,1.0
5531,1.0
5533,-213.5
5534,0.75
5537,1.5
5539,1.25
5541,1.25
5542,1.25
5543,1.25
5544,1.25
5547,1.25
5548,1.0
5549,1.0
5551,1.0
5552,1.0
5553,1.5
5554,1.5
5556,1.5
5557,1.5
5558,1.5
5559,1.25
5561,1.0
5562,1.75
5563,1.5
5564,1.75
5565,1.25
5566,1.25
5567,1.25
5568,1.0
5570,1.25
5571,1.0
5572,1.0
5574,10792.25
5575,0.75
5576,1.0
5577,1.5
5579,1.25
5581,1.5
5582,1.25
5583,1.25
5584,1.25
5586,1.25
5589,1.25
5590,1.0
5591,1.0
5592,1.0
5593,1.25
5595,1.0
5597,1.5
5598,1.25
5599,1.5
5601,1.5
5602,1.5
5603,1.25
5606,1.25
5608,1.25
5609,1.25
5610,1.0
5613,1.0
5614,1.25
5617,1.5
5618,1.5
5621,1.5
5622,1.5
5624,1.0
5625,1.25
5626,1.5
5627,1.25
5629,1.0
5637,1.5
5638,1.25
5639,1.0
5640,-183.25
5642,1.25
5643,1.0
5644,1.0
5645,1.25
5646,1.0
5647,1.25
5649,1.0
5651,1.75
5654,1.5
5655,1.5
5656,1.25
5657,1.25
5659,1.25
5660,1.5
5665,1.25
5666,1.25
5667,1.75
5669,1.5
5670,1.5
5671,1.5
5672,1.25
5673,1.25
5674,1.25
5675,1.25
5676,1.0
5680,1.0
5681,1.25
5683,1.25
5684,1.0
5686,1.0
5687,83.5
5688,1.75
5689,1.5
5690,1.5
5691,1.25
5692,1.25
5693,1.25
5694,1.25
5697,1.0
5699,1.25
5700,1.0
5701,1.0
5702,1.5
5703,1.5
5705,1.5
5708,1.25
5710,1.25
5712,1.25
5713,1.5
5714,1.5
5715,1.25
5718,1.25
5722,1.0
5724,1.0
5726,1.5
5727,1.75
5728,1.25
5729,1.75
5730,1.5
5732,1.25
5733,1.25
5734,1.25
5735,1.5
5736,1.5
5738,1.5
5740,1.0
5741,1.0
5742,1.25
5746,1.25
5747,1.5
5749,1.25
5751,1.25
5752,1.5
5754,1.25
5755,1.0
5756,1.25
5758,1.5
5759,1.5
5764,1.5
5765,1.25
5767,1.25
5768,1.0
5769,1.25
5770,1.25
5771,1.0
5772,1.0
5773,1.0
5776,1.5
5777,1.25
5778,1.25
5779,1.25
5780,1.0
5781,1.25
5783,1.25
5784,1.25
5786,1.25
5787,-8478.0
5788,1.25
5789,1.0
5790,1.0
5791,1.0
5792,1.5
5793,1.5
5794,1.5
5796,1.5
5797,1.5
5799,1.25
5800,1.25
5801,1.25
5802,1.0
5803,1.0
5804,1.0
5805,1.0
5806,1.5
5807,1.5
5809,1.5
5810,1.25
5811,1.25
5812,1.25
5813,1.25
5816,1.25
5817,1.25
5818,1.25
5819,1.0
5820,1.25
5822,1.75
5824,1.75
5825,1.5
5826,1.5
5830,1.5
5832,1.25
5834,1.5
5835,1.25
5836,1.0
5837,1.25
5840,1.25
5842,1.0
5843,1.0
5845,1.75
5846,1.5
5848,1.25
5849,1.5
5850,1.25
5851,1.5
5852,1.25
5853,1.25
5854,1.25
5855,1.25
5856,1.0
5858,1.25
5859,1.0
5860,1.0
5862,1.5
5863,1.5
5866,1.25
5867,1.25
5869,1.25
5870,1.5
5871,1.25
5873,1.25
5874,1.0
5875,1.25
5876,1.0
5877,1.25
5879,1.25
5883,0.75
5887,1.5
5888,1.75
5889,1.25
5890,1.5
5891,1.5
5892,1.0
5893,1.25
5896,1.25
5898,1.5
5899,1.25
5900,1.25
5901,1.25
5902,1.25
5903,1.25
5904,1.25
5906,1.25
5908,1.0
5909,1.25
5910,1.0
5913,1.75
5915,1.25
5917,1.0
5918,0.75
5919,1.0
5920,1.0
5921,1.0
5922,1.5
5925,1.5
5926,1.5
5927,1.25
5929,1.5
5930,1.25
5931,1.25
5932,1.25
5933,1.0
5935,1.0
5936,1.0
5937,1.25
5938,1.75
5939,1.5
5940,1.5
5942,1.75
5943,1.5
5944,1.5
5945,1.5
5946,1.75
5948,1.5
5950,1.5
5952,1.25
5954,1.25
5957,1.25
5958,1.25
5959,1.25
5961,1.5
5963,1.5
5964,1.25
5966,1.5
5968,1.25
5969,1.25
5970,1.25
5971,1.25
5974,1.5
5975,1.5
5978,1.25
5979,1.25
5981,1.25
5983,1.0
5984,1.0
5985,1.0
5986,1.0
5987,1.5
5990,1.5
5991,1.5
5992,1.25
5995,1.25
5998,1.25
6000,1.0
6001,1.25
6002,1.0
6004,1.25
6006,1.0
6007,1.0
6008,1.5
6010,1.5
6011,1.25
6014,1.25
6015,1.25
6018,1.0
6019,1.25
6020,1.25
6021,1.25
6022,1.25
6024,1.0
6026,1.25
6027,1.0
6028,1.25
6029,0.75
6030,1.0
6031,1.0
6032,1.75
6034,1.5
6036,1.5
6038,1.25
6039,-264.25
6041,1.25
6042,1.25
6043,1.0
6045,1.0
6046,1.25
6050,1.0
6051,1.25
6052,1.75
6053,1.5
6054,1.5
6055,1.5
6056,1.5
6058,1.25
6059,1.0
6060,1.25
6061,1.0
6063,1.5
6066,1.25
6070,1.5
6071,1.5
6072,46.25
6073,87.0
6074,1.5
6075,1.25
6076,1.0
6077,1.0
6078,1.0
6079,1.5
6080,1.5
6081,1.5
6082,1.5
6083,1.25
6084,1.5
6085,1.5
6088,1.25
6089,1.25
6090,1.5
6091,1.0
6092,1.25
6093,1.25
6094,1.0
6095,1.25
6096,1.0
6099,1.25
6101,1.0
6102,1.5
6103,1.5
6105,1.5
6107,1.5
6109,1.25
6110,1.5
6111,1.25
6113,1.25
6116,1.25
6120,1.0
6123,1.25
6124,1.5
6125,1.25
6126,1.5
6127,1.5
6129,1.5
6130,1.5
6132,1.25
6133,1.0
6134,1.25
6135,1.0
6138,1.5
6139,1.75
6140,1.5
6141,1.5
6142,1.5
6143,1.25
6144,1.5
6145,1.25
6146,1.0
6147,1.25
6149,1.0
6150,1.0
6151,1.5
6153,1.5
6155,1.25
6156,1.5
6157,1.5
6158,1.25
6160,1.5
6164,1.0
6165,1.75
6166,1.75
6168,1.25
6169,1.5
6170,1.5
6171,1.25
6172,1.25
6174,1.25
6176,1.25
6177,1.25
6178,1.25
6179,1.25
6181,1.25
6182,1.5
6185,1.25
6186,1.5
6188,1.0
6190,1.0
6191,1.0
6193,1.0
6194,1.0
6195,1.0
6197,1.0
6198,0.75
6199,1.0
6200,1.5
6201,1.5
6202,1.25
6204,1.5
6207,1.25
6208,1.25
6210,1.25
6212,1.0
6213,1.0
6215,1.5
6216,1.5
6217,1.5
6218,1.5
6219,1.5
6220,1.5
6223,1.5
6224,1.25
6225,1.25
6226,1.0
6229,1.25
6230,0.75
6231,1.0
6232,0.75
6233,1.0
6234,0.75
6236,1.5
6237,1.25
6238,1.5
6239,1.25
6240,1.25
6241,-261.5
6242,1.25
6243,1.25
6244,1.25
6245,1.0
6246,1.25
6249,1.0
6252,1.75
6253,1.25
6254,1.5
6255,1.5
6257,1.5
6258,1.25
6260,1.25
6262,1.25
6263,1.25
6264,1.25
6265,1.0
6270,1.25
6271,1.5
6272,1.5
6274,1.25
6277,1.25
6278,1.25
6282,1.25
6283,1.0
6284,1.25
6286,1.0
6287,1.75
6290,1.25
6291,1.25
6292,1.0
6294,1.25
6295,1.0
6296,1.0
6298,1.75
6299,1.5
6300,1.5
6302,1.5
6303,1.5
6305,1.25
6309,1.25
6311,1.25
6312,-234.5
6313,1.25
6315,1.5
6316,1.5
6318,1.0
6319,1.0
6320,1.0
6323,1.25
6325,1.25
6326,1.5
6327,1.25
6330,1.25
6331,1.0
6334,1.25
6337,1.25
6339,1.25
6340,1.25
6341,1.25
6343,1.5
6344,1.5
6348,1.25
6350,1.0
6352,1.0
6353,0.75
6354,1.25
6355,1.0
6356,1.5
6357,1.5
6359,1.5
6360,1.25
6361,1.25
6362,1.25
6364,1.25
6369,1.5
6370,1.25
6373,1.25
6374,1.0
6375,1.25
6377,1.0
6378,1.5
6379,1.25
6380,1.5
6381,1.5
6383,1.5
6384,1.5
6385,1.25
6387,1.25
6388,1.5
6389,1.25
6390,1.25
6391,1.5
6393,1.25
6396,1.0
6398,86.25
6399,1.25
6403,1.5
6406,1.5
6409,1.5
6410,1.25
6411,1.25
6413,1.25
6416,1.25
6417,1.5
6418,1.25
6419,1.25
6421,1.0
6422,1.25
6423,1.0
6424,1.0
6425,1.5
6427,1.75
6428,1.5
6430,1.5
6432,1.5
6435,1.25
6436,1.25
6437,1.25
6438,1.25
6441,1.25
6442,1.25
6444,1.0
6445,1.0
6446,1.0
6447,1.0
6449,1.5
6450,1.5
6451,1.25
6452,1.5
6454,1.25
6455,1.25
6458,1.25
6459,1.25
6460,1.0
6461,1.25
6462,1.0
6463,1.0
6464,1.0
6465,1.0
6466,1.25
6467,1.0
6469,1.25
6470,1.5
6472,1.5
6473,1.5
6474,1.25
6475,1.5
6477,1.25
6479,1.25
6481,1.25
6482,1.25
6483,1.0
6484,1.25
6485,1.0
6486,1.0
6488,1.0
6490,1.0
6491,1.5
6495,1.25
6499,1.25
6501,1.25
6502,1.0
6504,1.0
6506,1.25
6507,1.0
6512,1.5
6513,1.5
6514,1.5
6515,1.25
6516,1.5
6517,1.5
6518,1.25
6519,1.25
6520,1.0
6521,1.25
6523,1.25
6530,1.0
6531,1.5
6532,1.75
6534,1.25
6536,1.5
6538,1.25
6539,1.25
6540,1.25
6542,1.25
6543,1.25
6544,1.5
6546,1.25
6547,1.25
6553,1.5
6555,1.5
6556,1.5
6557,1.25
6559,1.5
6561,1.0
6562,1.5
6564,1.5
6566,1.25
6568,1.25
6569,1.0
6570,1.0
6571,1.25
6572,1.0
6573,1.5
6574,1.5
6575,1.5
6576,1.5
6577,1.25
6578,1.5
6579,1.5
6580,1.5
6582,1.25
6583,1.5
6585,1.5
6586,1.0
6587,1.25
6588,1.25
6589,1.0
6591,1.0
6592,1.0
6593,1.0
6594,1.5
6596,1.5
6597,1.25
6598,1.0
6599,1.25
6601,1.25
6602,1.5
6603,1.5
6605,1.25
6606,1.25
6607,1.25
6608,1.25
6609,1.25
6610,1.0
6611,1.25
6613,1.25
6615,1.0
6619,1.25
6621,1.25
6622,1.0
6623,1.25
6624,1.5
6626,1.25
6627,1.0
6628,1.0
6629,1.0
6631,1.0
6637,1.5
6638,1.5
6639,1.5
6640,1.25
6643,1.25
6644,1.25
6646,1.0
6647,1.25
6648,1.0
6649,1.0
6650,1.0
6651,1.5
6652,1.5
6655,1.5
6656,1.5
6657,1.25
6658,1.25
6659,1.25
6660,1.5
6663,1.0
6664,1.0
6665,1.0
6666,1.0
6667,1.0
6668,1.25
6671,0.75
6673,1.0
6676,1.0
6677,1.5
6680,1.5
6681,1.25
6682,1.25
6683,1.25
6687,1.0
6688,1.25
6690,1.0
6691,1.0
6692,1.25
6693,0.75
6695,1.5
6696,1.25
6700,1.25
6701,1.5
6703,1.5
6705,1.25
6707,1.25
6708,1.25
6710,1.25
6711,1.25
6712,0.75
6714,1.5
6717,1.5
6718,1.75
6720,1.25
6721,1.25
6723,1.25
6726,1.25
6730,1.0
6733,1.0
6735,1.0
6737,1.5
6738,1.25
6739,1.5
6742,1.25
6743,1.25
6744,1.5
6747,1.5
6750,1.0
6751,1.25
6752,1.0
6753,1.0
6755,1.25
6756,1.0
6757,1.25
6758,1.0
6760,1.0
6761,1.0
6763,1.0
6765,1.0
6766,1.75
6767,1.5
6768,1.5
6769,1.5
6770,1.5
6772,1.5
6773,1.5
6775,1.25
6776,1.25
6777,1.0
6779,1.25
6780,1.25
6782,1.0
6783,1.0
6784,1.5
6785,1.25
6787,1.25
6788,1.5
6789,1.5
6790,1.5
6791,1.25
6792,1.25
6793,1.25
6795,1.25
6796,1.25
6800,1.0
6802,1.5
6803,1.5
6805,1.5
6806,1.25
6809,1.5
6810,1.25
6811,1.5
6813,1.0
6817,1.5
6818,1.25
6819,1.25
6820,1.25
6821,1.5
6822,1.25
6824,1.0
6825,1.0
6826,1.0
6827,1.25
6828,1.0
6830,1.25
6831,1.0
6832,0.75
6833,1.0
6834,1.25
6835,1.5
6836,1.5
6837,1.5
6838,1.5
6839,1.5
6841,1.25
6844,1.25
6845,1.5
6846,1.0
6847,1.25
6848,1.25
6849,1.25
6852,1.0
6853,1.75
6854,1.5
6855,1.75
6856,1.25
6857,1.5
6858,1.5
6859,1.25
6860,1.5
6861,1.25
6862,1.25
6864,1.25
6865,1.5
6866,1.5
6868,1.0
6869,1.25
6870,1.25
6871,-261.5
6873,1.0
6874,1.0
6876,1.25
6878,1.5
6879,1.5
6882,1.5
6883,1.5
6885,1.25
6886,1.0
6888,1.25
6890,1.0
6891,1.25
6893,0.75
6895,1.5
6896,1.5
6897,1.5
6898,1.5
6899,1.25
6901,1.5
6903,1.5
6904,1.25
6905,1.25
6907,1.25
6908,0.75
6909,0.75
6910,0.75
6911,0.75
6912,1.5
6913,1.5
6914,1.5
6915,1.5
6916,1.5
6918,1.5
6920,1.25
6921,1.25
6922,1.25
6924,1.0
6925,1.0
6926,1.0
6927,1.25
6928,1.25
6929,1.0
6930,1.0
6932,1.25
6933,1.0
6934,1.75
6935,1.75
6936,1.5
6937,1.5
6938,1.5
6939,1.5
6940,1.5
6941,1.25
6942,1.5
6943,1.0
6944,55.0
6945,1.5
6946,1.25
6949,1.0
6951,1.0
6953,1.0
6957,1.5
6958,1.5
6959,1.5
6960,1.25
6962,1.75
6963,1.25
6965,1.5
6966,1.25
6967,1.25
6968,1.25
6970,1.0
6972,1.25
6974,1.25
6975,1.0
6977,1.0
6978,1.0
6979,1.5
6980,1.5
6981,1.5
6983,1.25
6984,1.25
6986,1.0
6988,1.0
6989,1.0
6991,1.0
6992,1.0
6994,0.75
6995,1.0
6997,1.5
6999,1.5
7000,1.25
7002,1.25
7003,1.5
7004,1.25
7005,1.25
7006,1.25
7007,1.25
7008,1.25
7010,1.25
7012,1.5
7013,1.5
7014,1.5
7016,1.25
7019,1.0
7020,1.0
7021,1.0
7022,1.0
7023,1.25
7024,1.0
7025,1.25
7026,1.0
7027,1.25
7029,1.5
7030,113.75
7031,1.25
7033,1.25
7034,1.25
7035,1.25
7037,1.25
7039,1.25
7040,1.5
7041,1.25
7042,1.0
7043,80.5
7045,1.25
7046,1.25
7047,1.0
7049,1.75
7050,1.5
7054,1.25
7055,1.25
7056,1.5
7059,1.25
7060,1.0
7061,140.75
7062,1.0
7065,1.0
7066,0.75
7067,1.0
7068,1.0
7069,0.75
7071,1.25
7072,1.5
7075,1.5
7076,1.25
7078,1.25
7081,1.5
7083,1.0
7089,1.0
7090,1.0
7092,1.0
7094,1.5
7096,1.25
7097,1.5
7098,1.25
7100,1.0
7102,1.25
7103,1.25
7104,1.0
7105,1.0
7106,0.75
7108,0.75
7110,1.5
7112,1.5
7113,1.25
7114,1.25
7115,1.5
7118,1.25
7121,1.25
7123,1.0
7124,1.25
7125,1.0
7126,1.0
7127,1.25
7132,1.25
7133,1.5
7134,1.25
7135,1.25
7136,1.25
7139,1.25
7140,1.25
7141,-193.75
7142,1.0
7145,1.25
7146,1.75
7147,1.25
7148,1.5
7149,1.5
7151,1.25
7152,1.25
7153,1.25
7154,1.25
7156,1.25
7157,1.0
7158,1.0
7160,1.0
7162,-204.25
7163,-264.0
7164,1.75
7166,1.5
7168,1.25
7169,1.5
7170,1.5
7171,1.5
7172,1.5
7173,1.25
7174,1.25
7175,1.25
7178,1.0
7179,1.0
7180,1.25
7181,1.0
7182,1.0
7183,1.5
7184,1.75
7185,1.5
7187,1.25
7188,1.5
7189,1.25
7190,1.25
7191,1.25
7192,1.25
7194,1.0
7195,1.25
7198,1.25
7200,1.25
7201,1.25
7203,1.25
7206,1.25
7207,1.5
7208,1.25
7212,1.25
7213,1.25
7215,1.25
7216,1.5
7217,1.25
7218,1.25
7219,1.25
7220,1.0
7223,1.5
7224,1.5
7225,1.5
7226,1.5
7227,1.5
7229,1.5
7230,1.5
7231,1.5
7233,1.25
7234,1.25
7235,1.25
7238,1.25
7239,1.25
7241,1.0
7244,1.0
7245,1.0
7247,1.25
7248,1.5
7249,1.5
7250,1.25
7252,1.5
7253,1.5
7255,1.25
7256,1.25
7258,1.5
7259,1.5
7260,1.0
7261,1.0
7264,1.25
7265,1.0
7267,1.0
7268,1.0
7269,1.25
7270,1.5
7272,1.5
7278,1.25
7279,1.25
7280,1.25
7281,1.25
7282,1.25
7283,1.25
7284,1.0
7287,1.0
7288,1.0
7290,1.5
7292,-224.75
7293,1.5
7297,1.5
7298,1.5
7299,1.5
7300,1.5
7301,1.25
7302,1.25
7303,1.25
7304,1.0
7305,1.25
7306,1.0
7307,1.0
7308,1.0
7310,1.0
7314,1.0
7316,1.5
7318,1.5
7319,1.5
7322,1.25
7324,1.0
7325,1.0
7326,1.0
7328,1.0
7329,1.0
7330,0.75
7331,0.75
7332,1.75
7333,1.75
7335,1.5
7336,1.5
7337,1.25
7338,1.5
7339,1.5
7341,1.25
7343,1.25
7344,1.0
7345,1.25
7347,1.5
7348,1.25
7349,1.0
7350,1.0
7351,1.0
7353,1.0
7354,1.5
7355,1.5
7356,1.5
7359,1.5
7360,1.5
7361,1.5
7365,1.25
7367,1.25
7368,1.0
7369,1.0
7370,1.0
7371,1.0
7372,1.5
7373,1.5
7374,1.5
7375,1.5
7376,1.5
7377,1.5
7378,1.5
7379,1.5
7381,1.25
7382,1.25
7384,1.25
7386,1.25
7387,1.25
7388,1.5
7391,1.5
7392,1.75
7394,1.5
7396,1.25
7398,1.25
7399,1.0
7400,1.25
7401,82.25
7402,1.25
7403,1.0
7404,1.0
7405,1.0
7406,1.0
7409,0.75
7411,1.5
7412,1.5
7414,1.25
7415,1.25
7417,1.0
7418,1.25
7420,1.0
7421,1.25
7424,1.5
7425,1.25
7428,1.5
7429,1.5
7430,1.25
7431,1.25
7433,1.25
7435,1.25
7436,1.0
7437,1.25
7438,1.25
7439,1.25
7440,1.0
7442,1.25
7443,1.0
7445,1.25
7446,1.25
7447,1.25
7449,1.25
7450,1.5
7451,1.25
7452,1.25
7453,1.0
7454,1.25
7456,1.0
7457,0.75
7460,1.5
7461,1.5
7462,1.25
7463,1.5
7464,1.5
7467,1.25
7468,1.25
7469,1.0
7470,1.25
7471,1.25
7473,1.25
7474,1.0
7477,1.0
7478,1.25
7482,1.5
7483,1.5
7484,1.5
7485,1.25
7486,1.5
7487,1.25
7492,1.0
7494,1.0
7495,1.75
7498,1.25
7499,1.5
7501,1.25
7502,1.5
7503,1.25
7504,1.25
7505,1.0
7506,1.25
7507,1.25
7508,1.25
7509,1.0
7510,1.25
7512,1.25
7513,1.0
7514,1.25
7515,1.5
7516,1.25
7517,1.5
7520,1.25
7521,1.0
7522,1.25
7523,1.25
7524,1.25
7526,1.25
7527,1.0
7528,1.0
7532,1.0
7534,1.5
7536,1.25
7538,1.5
7539,1.75
7540,1.25
7541,1.5
7543,1.25
7544,1.25
7545,1.5
7546,1.0
7547,1.25
7548,1.0
7549,1.25
7550,1.25
7551,1.5
7553,1.25
7555,1.5
7556,1.25
7557,1.25
7558,1.25
7559,1.25
7561,1.5
7562,1.25
7563,1.25
7564,1.25
7566,1.25
7567,1.5
7568,1.25
7570,1.25
7571,1.5
7572,1.5
7573,1.5
7574,1.25
7575,1.5
7576,1.5
7577,1.5
7578,1.0
7579,1.25
7580,1.25
7582,1.0
7585,1.0
7586,1.0
7587,1.0
7588,1.0
7591,1.25
7592,1.25
7593,1.5
7595,1.25
7598,1.25
7600,1.75
7602,1.25
7603,1.5
7604,1.5
7605,1.25
7606,1.25
7607,1.25
7608,1.25
7609,1.5
7610,1.5
7611,1.5
7612,1.5
7613,1.0
7614,1.25
7615,1.25
7616,1.25
7618,1.0
7619,1.5
7620,1.75
7621,1.25
7623,1.5
7624,1.5
7625,1.25
7626,1.25
7628,1.25
7630,1.0
7631,1.25
7633,1.25
7634,1.5
7635,1.25
7636,1.5
7637,1.25
7638,1.25
7641,1.5
7642,1.25
7644,88.0
7647,1.0
7648,1.0
7650,1.25
7651,1.0
7652,1.5
7653,1.5
7654,1.5
7655,1.25
7656,1.5
7657,1.5
7658,1.25
7660,1.0
7661,1.0
7662,1.75
7663,1.5
7664,1.5
7665,1.5
7667,1.5
7668,1.25
7669,1.25
7670,1.25
7673,1.25
7674,1.0
7675,1.0
7676,1.25
7678,1.0
7679,1.0
7680,1.0
7681,1.5
7682,1.25
7683,1.25
7684,1.5
7685,1.25
7687,1.25
7689,1.25
7690,1.5
7691,1.0
7692,1.25
7693,1.25
7694,1.0
7696,1.25
7697,-223.75
7698,1.5
7699,1.5
7700,1.25
7702,1.25
7704,1.25
7707,1.0
7710,1.5
7711,1.5
7713,1.25
7715,1.5
7716,1.75
7718,-270.75
7719,1.5
7722,1.0
7724,1.25
7725,1.0
7726,1.0
7727,1.0
7728,1.5
7729,1.25
7730,1.25
7731,1.5
7732,1.25
7733,1.5
7734,1.5
7735,1.25
7736,1.5
7738,1.25
7739,1.25
7740,1.25
7741,1.25
7742,1.25
7745,1.25
7747,1.0
7748,1.25
7749,1.0
7751,1.0
7753,1.5
7757,1.5
7758,1.25
7760,1.25
7761,1.0
7762,1.0
7764,1.0
7765,1.25
7766,1.0
7769,1.0
7772,1.5
7773,1.5
7775,1.5
7776,1.5
7778,1.25
7780,1.25
7781,1.5
7782,1.5
7783,1.5
7784,1.25
7785,1.25
7786,1.25
7787,1.25
7788,1.5
7789,1.25
7791,1.0
7792,1.0
7795,1.25
7798,1.5
7801,1.25
7802,1.25
7803,1.25
7805,1.0
7807,1.25
7808,1.0
7811,1.25
7813,1.0
7814,1.25
7815,1.25
7816,1.25
7819,1.25
7820,1.25
7821,1.5
7823,1.25
7825,1.25
7826,1.0
7828,1.0
7830,1.25
7831,1.25
7834,1.0
7837,1.5
7838,1.5
7839,1.5
7840,1.25
7841,1.75
7842,1.5
7845,1.5
7846,1.5
7847,1.25
7848,1.25
7851,1.25
7852,1.0
7853,1.25
7855,1.0
7856,1.0
7858,1.0
7861,-248.5
7862,1.5
7863,1.75
7865,1.5
7866,1.5
7867,1.25
7868,1.5
7869,1.25
7870,1.25
7871,1.0
7872,1.25
7873,1.0
7874,1.0
7875,1.0
7876,1.25
7877,1.0
7878,1.0
7879,1.0
7880,1.5
7881,1.5
7882,1.5
7885,1.25
7886,1.25
7887,1.25
7888,1.25
7889,1.25
7890,1.25
7891,1.25
7892,1.0
7893,1.0
7894,1.5
7895,1.25
7896,1.5
7897,1.75
7898,1.25
7900,1.25
7901,1.25
7902,1.25
7903,1.25
7904,1.25
7908,1.0
7909,1.0
7910,1.0
7911,1.0
7912,1.5
7914,1.75
7915,1.5
7916,1.25
7917,1.5
7918,1.5
7919,1.5
7921,1.25
7923,1.75
7924,1.5
7926,1.25
7930,1.0
7931,1.0
7933,1.0
7934,0.75
7936,1.5
7937,-203.5
7938,1.75
7939,1.5
7941,1.5
7942,1.5
7943,1.5
7946,1.25
7947,1.25
7948,1.25
7949,1.25
7951,1.25
7953,1.25
7955,1.0
7956,1.5
7958,1.25
7959,1.25
7960,1.25
7962,1.25
7963,1.0
7964,1.0
7966,1.0
7967,1.25
7969,1.0
7970,1.0
7974,1.5
7975,1.5
7976,1.5
7978,1.25
7980,1.75
7982,1.5
7983,1.5
7984,1.5
7985,1.5
7986,1.5
7988,1.25
7990,1.5
7991,1.25
7992,1936.5
7994,1.25
7995,1.25
7996,1.25
7998,1.75
7999,1.5
8000,1.5
8002,1.5
8003,1.25
8004,1.25
8007,1.25
8008,1.25
8010,1.0
8011,1.0
8012,1.0
8013,1.0
8014,1.0
8015,1.0
8016,1.5
8018,1.25
8019,1.5
8020,1.25
8021,1.5
8026,1.0
8028,1.25
8029,1.25
8030,1.75
8031,1.5
8032,1.5
8034,1.25
8035,1.5
8036,1.25
8038,1.5
8039,1.25
8040,1.0
8041,1.25
8043,1.25
8045,-210.5
8048,1.25
8049,1.0
8050,1.0
8051,0.75
8052,1.0
8053,0.75
8055,1.5
8057,1.25
8058,1.5
8059,1.5
8061,1.25
8062,1.25
8064,1.25
8066,1.25
8067,1.0
8068,1.25
8069,1.25
8070,1.0
8071,1.0
8072,1.0
8074,1.0
8075,1.25
8076,1.5
8077,1.25
8078,1.25
8079,1.5
8080,1.25
8081,1.25
8082,1.25
8083,1.0
8084,1.25
8085,1.25
8086,1.0
8087,1.25
8089,1.5
8091,1.5
8092,1.25
8094,1.5
8097,1.5
8098,1.25
8099,1.25
8101,1.5
8102,1.5
8103,1.25
8106,1.5
8107,1.25
8109,1.0
8110,1.0
8112,1.25
8113,1.25
8115,1.25
8118,1.25
8119,1.5
8120,1.5
8121,1.5
8122,1.25
8123,1.0
8124,1.0
8125,1.0
8127,1.0
8128,-1288.75
8129,1.5
8131,1.5
8132,1.5
8133,1.25
8134,1.5
8135,1.5
8136,1.25
8140,1.25
8141,-215.75
8142,1.25
8143,1.25
8144,1.25
8145,1.25
8146,1.0
8148,1.0
8149,1.0
8150,1.0
8151,1.25
8153,1.0
8154,1.5
8157,1.5
8159,1.5
8161,1.5
8162,1.25
8163,1.5
8164,1.25
8165,1.25
8166,1.25
8168,1.0
8169,1.25
8172,1.0
8173,1.0
8174,1.0
8177,1.0
8178,1.5
8179,1.5
8181,1.5
8182,1.25
8183,1.5
8185,1.25
8187,1.25
8189,1.5
8190,1.25
8191,1.25
8193,1.75
8194,1.75
8196,1.5
8197,1.5
8198,1.25
8199,1.25
8200,1.5
8202,1.5
8205,1.25
8206,1.25
8208,1.5
8210,1.0
8212,1.0
8213,-270.0
8214,1.0
8216,1.5
8217,1.5
8219,1.5
8220,1.5
8222,1.5
8223,1.5
8224,1.5
8225,1.5
8226,1.25
8227,1.25
8228,1.5
8229,1.25
8230,1.25
8231,1.5
8232,1.25
8233,1.0
8234,1.25
8236,1.25
8237,1.25
8241,1.0
8242,1.5
8244,1.5
8245,1.25
8246,1.5
8247,1.25
8248,1.25
8249,1.0
8250,1.5
8251,1.25
8252,1.0
8254,1.0
8255,1.0
8256,0.75
8257,1.0
8259,1.5
8260,1.5
8261,1.75
8262,1.5
8263,1.5
8264,1.25
8265,1.25
8266,1.25
8268,1.0
8269,1.25
8270,1.0
8271,1.25
8274,1.25
8275,1.0
8278,1.5
8279,1.5
8280,1.25
8282,1.5
8283,1.25
8284,1.25
8285,1.25
8286,1.25
8287,1.25
8288,1.25
8289,1.0
8290,-262.5
8291,1.0
8293,1.0
8294,1.0
8296,1.25
8299,1.5
8300,1.5
8301,1.5
8303,1.25
8304,1.25
8305,1.25
8307,1.0
8309,1.25
8310,1.25
8311,1.25
8314,1.0
8315,1.25
8316,1.0
8317,1.5
8318,1.75
8319,1.5
8320,1.75
8322,1.5
8323,1.5
8324,1.5
8325,1.5
8326,1.5
8329,1.5
8330,1.25
8332,1.5
8334,1.25
8335,1.25
8337,1.5
8338,1.25
8339,1.25
8341,1.0
8342,1.25
8344,0.75
8347,1.75
8348,1.5
8349,1.5
8350,1.25
8352,1.25
8354,1.5
8356,1.5
8357,1.25
8358,1.0
8359,1.5
8361,1.0
8362,1.0
8364,1.25
8366,1.25
8367,1.25
8374,1.0
8375,1.25
8376,1.0
8378,1.0
8380,1.25
8381,1.0
8382,1.0
8390,1.5
8391,1.5
8392,1.25
8393,1.25
8394,1.0
8395,1.0
8396,1.25
8397,1.25
8398,1.25
8400,1.5
8401,1.75
8402,1.75
8405,1.5
8406,1.5
8407,1.5
8408,1.5
8410,1.5
8412,1.25
8414,1.0
8416,1.25
8417,1.0
8418,1.25
8419,1.25
8420,1.5
8422,1.25
8423,1.25
8424,1.25
8425,1.25
8427,1.5
8428,1.25
8430,1.25
8431,1.25
8432,1.0
8434,1.25
8435,1.25
8436,1.0
8437,1.25
8438,1.0
8439,1.0
8440,1.0
8442,1.25
8444,1.5
8445,1.5
8446,1.25
8447,1.25
8449,1.25
8451,1.5
8453,1.5
8455,1.5
8456,1.5
8457,1.25
8459,1.25
8460,1.0
8462,1.0
8463,1.5
8464,1.75
8465,1.5
8466,1.25
8467,1.25
8469,1.5
8471,1.25
8472,1.5
8473,1.25
8474,1.25
8475,1.25
8476,1.25
8478,1.0
8481,1.0
8482,1.0
8483,1.25
8485,1.25
8486,1.0
8487,1.5
8488,1.5
8489,1.5
8490,1.5
8492,1.5
8493,1.5
8494,1.5
8495,1.5
8497,1.0
8498,1.25
8499,1.25
8500,1.25
8501,1.0
8503,1.25
8504,1.0
8506,1.0
8507,1.0
8509,1.5
8510,1.5
8514,1.25
8515,1.5
8516,1.25
8518,1.25
8519,1.25
8520,1.5
8521,1.25
8522,1.25
8524,1.0
8525,1.25
8526,1.0
8527,1.25
8528,0.75
8529,1.25
8532,1.5
8534,1.5
8535,1.5
8538,1.25
8539,1.25
8541,1.25
8542,1.0
8543,1.0
8544,1.5
8547,1.5
8548,1.5
8550,1.5
8553,1.5
8555,1.25
8557,1.25
8558,1.0
8559,1.0
8561,1.5
8562,1.5
8563,1.5
8564,1.25
8565,1.5
8566,1.5
8567,1.25
8568,1.25
8570,1.5
8572,1.25
8573,1.0
8574,1.25
8575,1.0
8576,1.25
8577,1.25
8578,1.0
8579,1.0
8580,1.5
8581,1.5
8582,1.25
8583,1.5
8584,1.25
8585,1.25
8589,1.0
8590,1.25
8594,1.0
8596,1.25
8597,1.5
8599,1.25
8600,1.25
8601,1.25
8603,1.5
8604,1.25
8606,1.0
8607,1.25
8609,-192.5
8611,1.0
8612,1.0
8613,1.25
8615,1.5
8616,1.5
8617,1.5
8618,1.75
8619,1.25
8620,1.25
8624,1.25
8628,1.0
8632,1.0
8633,1.25
8634,1.75
8635,1.5
8636,1.5
8639,1.5
8641,1.25
8642,1.5
8643,1.25
8644,1.5
8645,1.25
8647,1.0
8650,1.0
8651,1.25
8652,1.0
8653,1.0
8654,1.5
8656,1.25
8657,1.5
8659,1.25
8660,1.25
8661,1.25
8662,1.25
8663,1.25
8664,1.0
8665,1.25
8666,1.0
8669,1.0
8670,1.0
8673,1.25
8675,1.25
8676,1.25
8678,1.5
8679,1.5
8680,1.25
8681,1.25
8682,3765.25
8684,1.25
8685,8946.5
8687,1.25
8690,1.25
8692,1.0
8693,1.0
8694,1.0
8695,57.25
8696,1.5
8697,1.25
8698,1.5
8699,1.5
8700,1.5
8701,1.25
8702,1.25
8705,106.75
8709,1.25
8710,1.0
8711,1.0
8712,1.25
8713,159.5
8716,1.5
8719,1.5
8720,1.25
8721,1.25
8722,1.5
8723,1.5
8724,1.25
8726,1.25
8727,1.25
8728,1.25
8729,1.25
8734,1.0
8736,1.5
8737,1.25
8740,1.25
8741,1.25
8743,1.25
8744,1.25
8745,1.0
8746,1.0
8747,1.25
8748,1.25
8749,1.25
8750,1.25
8753,1.5
8754,1.25
8755,1.5
8756,1.5
8757,1.25
8758,1.5
8759,1.25
8760,1.0
8761,1.25
8762,1.25
8763,1.25
8766,1.25
8767,1.25
8768,1.0
8769,1.5
8770,1.5
8771,1.5
8772,1.25
8773,1.25
8778,1.5
8779,1.25
8780,1.0
8782,1.0
8783,1.0
8784,1.5
8785,1.5
8786,1.5
8788,1.25
8789,1.25
8791,1.25
8792,1.25
8793,1.25
8794,1.0
8795,1.25
8796,1.25
8797,1.5
8798,1.5
8799,1.25
8800,1.25
8801,1.25
8802,1.25
8803,1.0
8804,1.0
8806,1.0
8808,1.0
8810,0.75
8811,1.0
8812,1.0
8813,1.0
8815,1.5
8816,1.5
8819,1.25
8820,1.25
8821,1.5
8824,1.25
8826,1.25
8827,1.25
8828,1.0
8830,1.5
8831,1.5
8833,1.5
8834,1.25
8835,1.5
8836,1.25
8837,1.5
8839,1.25
8840,1.25
8841,1.25
8843,1.25
8847,1.25
8848,1.25
8849,1.25
8850,1.25
8851,1.0
8854,1.25
8855,1.5
8856,1.25
8857,1.5
8858,1.5
8859,1.25
8862,1.25
8865,1.0
8867,1.25
8868,1.25
8869,1.0
8870,1.75
8871,1.75
8873,1.25
8874,1.0
8875,1.25
8876,1.25
8877,1.0
8878,1.25
8879,1.0
8880,1.25
8881,1.0
8882,1.0
8887,1.5
8889,1.25
8891,1.25
8893,1.25
8894,1.25
8895,1.25
8896,1.25
8899,1.0
8900,1.0
8901,1.0
8902,1.25
8903,1.25
8904,1.5
8905,1.5
8906,1.5
8909,1.5
8911,1.25
8912,1.5
8913,1.5
8915,1.25
8916,1.25
8917,1.25
8918,1.0
8920,1.25
8922,1.0
8923,1.25
8924,1.5
8925,1.5
8926,1.5
8928,-266.75
8931,1.25
8932,1.5
8934,1.5
8935,1.25
8936,1.25
8937,1.25
8939,1.25
8940,1.25
8941,1.25
8943,1.0
8944,1.0
8945,1.0
8946,1.0
8947,1.25
8948,1.0
8949,1.25
8951,1.25
8952,1.25
8953,1.0
8955,1.25
8956,1.25
8957,1.25
8958,1.0
8960,1.5
8961,1.5
8962,1.5
8963,1.25
8964,1.5
8967,1.25
8968,1.25
8969,1.25
8970,1.25
8972,1.0
8973,1.0
8975,1.0
8976,1.0
8977,1.0
8978,1.25
8979,1.25
8981,1.25
8982,1.25
8983,1.0
8986,1.25
8988,1.25
8990,1.25
8991,1.25
8992,1.25
8993,1.0
8994,1.0
8995,1.25
8997,1.5
8998,1.25
8999,1.25
9000,1.0
9001,1.25
9003,1.25
9004,-201.75
9005,1.25
9007,1.0
9009,1.0
9010,1.0
9011,1.0
9012,1.75
9013,-274.25
9014,1.5
9015,1.25
9016,1.5
9017,1.5
9018,1.5
9019,1.25
9020,1.25
9021,1.25
9022,1.0
9024,1.0
9026,1.75
9027,1.75
9029,1.5
9031,1.5
9032,1.25
9034,1.0
9037,1.0
9040,1.5
9042,1.5
9043,1.5
9044,1.25
9045,1.5
9048,1.5
9050,1.25
9052,1.25
9053,1.0
9055,1.25
9056,1.0
9057,1.0
9058,1.25
9059,1.0
9060,1.5
9061,1.5
9062,1.25
9063,1.25
9067,-210.5
9069,1.0
9070,1.25
9072,1.0
9073,1.25
9075,1.0
9076,1.0
9077,1.0
9078,1.5
9079,1.5
9080,1.5
9082,1.5
9083,1.5
9084,1.25
9088,1.25
9089,1.25
9090,1.0
9091,1.0
9096,1.0
9098,1.0
9099,1.5
9102,1.5
9103,1.5
9106,1.25
9107,1.5
9110,1.25
9111,1.25
9114,1.0
9115,1.25
9118,1.25
9120,1.25
9121,1.0
9123,1.0
9124,1.25
9125,1.25
9127,1.25
9128,1.5
9130,1.5
9133,1.25
9134,1.25
9135,1.0
9138,1.25
9139,1.0
9140,1.0
9143,42.75
9144,1.0
9145,1.0
9146,111.0
9147,1.25
9148,1.0
9149,1.0
9150,1.0
9151,1.0
9152,1.25
9153,1.5
9154,1.5
9155,1.5
9156,1.5
9157,1.5
9159,1.5
9160,1.25
9161,1.25
9162,1.25
9163,1.25
9165,1.25
9166,1.0
9168,1.25
9169,1.0
9170,1.25
9171,1.0
9173,1.5
9174,1.5
9175,1.5
9179,1.5
9180,1.5
9181,1.5
9182,1.5
9187,1.25
9188,1.25
9192,1.25
9193,1.25
9194,1.25
9197,1.25
9198,1.25
9199,1.5
9200,1.25
9201,1.5
9205,1.0
9206,1.25
9207,1.25
9208,1.25
9209,1.25
9210,1.0
9211,1.0
9212,1.75
9213,1.5
9216,1.5
9218,1.25
9219,1.5
9221,1.25
9222,1.25
9223,-210.75
9226,1.0
9227,1.25
9237,1.5
9238,1.25
9239,1.5
9241,1.5
9242,1.5
9243,1.5
9244,1.5
9245,1.25
9246,1.25
9247,1.25
9251,1.25
9252,1.25
9254,1.25
9256,1.0
9257,1.0
9258,1.5
9261,1.25
9263,1.5
9264,1.5
9265,1.25
9267,1.25
9269,1.25
9270,1.25
9272,1.25
9273,1.25
9274,1.25
9275,1.25
9277,1.5
9283,1.25
9286,1.25
9288,1.25
9289,1.25
9291,1.25
9292,1.25
9293,1.25
9295,1.0
9296,1.0
9297,1.25
9298,1.25
9300,1.25
9301,1.25
9302,1.25
9304,1.0
9305,1.0
9306,1.25
9307,1.0
9308,1.25
9309,0.75
9310,1.5
9312,1.75
9314,1.5
9315,1.75
9316,1.5
9317,1.5
9318,1.5
9319,1.25
9320,1.5
9321,1.25
9322,1.5
9323,1.25
9327,1.25
9329,1.0
9331,1.25
9332,1.0
9333,1.0
9334,1.0
9335,0.75
9336,1.0
9338,1.0
9341,1.0
9343,1.0
9346,1.5
9347,1.5
9348,1.25
9349,1.5
9350,1.25
9351,1.25
9353,1.25
9354,1.25
9355,1.25
9357,1.0
9359,1.5
9360,1.25
9361,1.25
9362,1.25
9363,1.0
9364,1.25
9365,1.0
9366,1.0
9367,1.0
9368,1.0
9370,0.75
9371,1.0
9372,1.0
9374,1.5
9376,1.5
9378,1.25
9380,1.5
9381,1.25
9382,1.25
9383,1.5
9384,1.25
9386,1.25
9388,1.25
9392,1.25
9393,1.5
9394,1.5
9395,1.25
9396,1.0
9397,1.25
9398,1.25
9399,1.25
9400,1.0
9401,1.25
9404,1.25
9405,1.25
9408,60.25
9409,1.0
9413,0.75
9414,1.0
9415,1.5
9417,1.5
9418,1.5
9419,1.5
9420,1.5
9423,1.5
9424,1.75
9427,1.25
9428,1.25
9429,1.25
9430,1.25
9431,1.25
9432,1.25
9434,1.5
9435,1.5
9438,1.25
9440,1.25
9441,1.25
9442,1.25
9443,1.0
9447,1.0
9449,1.75
9450,1.5
9452,1.25
9453,1.25
9455,1.5
9456,1.25
9457,1.25
9458,0.75
9460,1.0
9461,1.25
9462,1.5
9463,1.5
9464,1.5
9465,1.5
9467,1.5
9468,1.5
9469,1.25
9471,1.25
9473,1.0
9474,1.0
9475,1.0
9476,1.25
9477,0.75
9478,1.0
9481,1.5
9483,1.5
9485,1.0
9486,1.25
9487,1.0
9488,1.25
9489,1.0
9490,1.0
9491,1.25
9492,-216.25
9493,1.25
9494,1.0
9496,1.0
9497,1.5
9498,1.25
9499,1.5
9502,1.5
9504,1.25
9505,1.0
9506,1.0
9507,1.0
9508,1.25
9509,1.0
9510,1.0
9512,0.75
9513,1.0
9516,1.5
9517,1.5
9518,1.5
9519,1.25
9520,1.25
9521,1.25
9522,1.25
9523,1.25
9524,1.25
9525,1.25
9526,1.0
9527,1.0
9528,1.25
9530,-237.5
9531,1.75
9532,1.5
9536,1.5
9537,1.25
9540,1.25
9542,1.25
9546,1.25
9547,0.75
9549,1.25
9551,1.5
9552,1.5
9553,1.5
9556,1.25
9557,-194.5
9559,1.25
9560,1.25
9561,1.25
9563,1.25
9564,1.25
9565,1.25
9566,1.25
9567,1.25
9568,1.25
9570,1.25
9571,1.25
9572,1.25
9573,1.5
9574,1.5
9575,1.5
9577,1.25
9578,1.25
9579,1.25
9580,1.25
9584,1.25
9586,1.0
9588,1.0
9590,1.5
9592,1.25
9593,1.25
9595,1.5
9596,1.0
9597,1.25
9598,1.5
9601,1.0
9602,1.0
9603,1.25
9608,1.5
9609,1.5
9610,1.75
9611,1.25
9612,1.25
9615,1.5
9617,1.25
9618,1.25
9619,1.25
9621,1.25
9623,1.0
9625,1.75
9626,1.75
9628,1.5
9629,1.5
9630,1.0
9632,1.5
9633,1.25
9634,1.25
9635,1.5
9636,1.25
9638,1.25
9639,1.0
9641,1.5
9642,1.25
9643,1.5
9645,1.25
9646,1.25
9648,1.25
9649,1.25
9650,1.25
9651,1.0
9652,1.25
9654,1.0
9656,1.25
9658,1.0
9659,1.0
9660,1.25
9661,1.0
9662,1.5
9663,1.5
9664,-254.5
9666,1.25
9667,1.5
9669,1.25
9670,1.0
9671,1.0
9674,1.0
9675,0.75
9678,1.5
9679,1.5
9681,1.5
9682,1.25
9683,1.25
9684,1.25
9685,1.25
9686,1.25
9688,1.25
9689,1.25
9690,1.0
9691,1.25
9692,1.25
9693,1.0
9694,1.25
9696,1.0
9697,1.0
9698,1.0
9699,1.0
9700,1.0
9703,1.5
9705,1.25
9706,1.25
9708,1.25
9710,1.25
9711,1.25
9712,1.0
9713,1.0
9714,1.0
9715,1.0
9716,1.0
9719,1.5
9720,1.75
9721,1.5
9722,1.5
9723,1.5
9724,1.25
9725,1.25
9726,1.25
9727,1.25
9728,1.25
9730,1.25
9731,1.0
9732,1.0
9733,1.0
9734,1.25
9736,1.5
9737,1.25
9738,1.5
9739,1.5
9740,1.25
9741,1.5
9742,1.5
9743,1.5
9744,1.25
9745,1.25
9746,1.25
9747,1.25
9749,1.5
9751,1.25
9752,1.5
9754,1.5
9756,1.25
9759,1.0
9761,1.25
9762,1.0
9763,1.25
9765,1.0
9766,1.25
9767,1.0
9768,1.0
9769,0.75
9770,1.75
9771,-255.75
9772,1.5
9773,1.5
9774,1.5
9775,1.5
9776,-247.0
9777,1.25
9778,1.25
9780,1.0
9781,1.0
9784,1.75
9786,1.5
9787,1.25
9788,1.5
9790,1.5
9791,1.0
9792,1.25
9794,1.0
9795,1.0
9798,1.0
9800,1.0
9801,1.0
9802,1.0
9804,1.5
9805,1.25
9806,1.25
9807,1.25
9808,1.25
9811,1.25
9812,1.0
9813,1.0
9815,1.5
9816,1.25
9817,1.5
9823,1.25
9825,1.25
9826,1.0
9827,1.25
9828,1.25
9829,1.25
9831,1.0
9833,1.25
9834,1.0
9835,1.0
9838,1.0
9839,0.75
9840,1.5
9841,1.5
9842,1.5
9843,1.75
9844,1.25
9846,1.5
9848,1.25
9849,1.25
9850,1.25
9852,1.25
9854,1.25
9855,1.0
9856,1.25
9858,1.25
9859,1.0
9860,1.0
9862,1.5
9863,1.5
9864,1.25
9866,1.25
9867,1.5
9868,1.5
9869,-262.0
9871,1.25
9872,1.0
9874,1.5
9875,1.0
9877,1.25
9878,1.75
9883,1.25
9884,1.25
9885,1.25
9887,1.25
9889,1.25
9890,1.25
9891,1.25
9892,1.0
9894,1.25
9895,-1408.0
9896,1.25
9899,35.25
9900,1.0
9901,1.0
9902,1.0
9903,1.0
9904,1.5
9905,1.5
9907,1.5
9908,1.5
9910,1.25
9912,1.25
9913,1.25
9914,1.0
9915,1.25
9916,1.0
9917,1.0
9922,1.0
9923,0.75
9924,1.0
9926,1.5
9927,1.25
9929,1.5
9930,1.5
9931,1.5
9932,1.25
9933,1.25
9934,1.25
9935,1.5
9937,1.0
9938,1.0
9939,1.0
9940,1.0
9941,1.0
9942,1.0
9943,0.75
9946,1.0
9947,1.5
9949,1.25
9952,1.25
9953,1.5
9954,1.25
9956,1.25
9958,1.25
9959,1.0
9960,1.0
9961,1.0
9963,1.25
9964,1.25
9966,1.25
9967,1.25
9968,1.25
9970,1.0
9972,1.5
9974,1.5
9975,1.5
9977,1.25
9979,1.25
9980,1.25
9981,1.0
9982,1.0
9984,1.0
9985,1.0
9987,1.0
9988,1.25
9989,1.0
9991,1.25
9993,1.25
9994,1.5
9995,1.5
9997,1.5
9998,1.25
10001,1.5
10004,1.5
10006,1.25
10008,1.5
10010,1.25
10011,1.0
10012,1.0
10014,1.0
10016,1.5
10017,1.25
10019,1.25
10020,1.25
10021,1.25
10022,1.25
10023,1.0
10024,1.25
10025,1.0
10026,1.0
10027,1.0
10028,1.5
10029,1.5
10031,-208.75
10035,21.0
10038,1.5
10039,1.5
10040,1.25
10041,1.0
10043,1.0
10046,1.25
10048,1.25
10050,1.0
10051,1.5
10052,1.5
10053,1.25
10057,1.5
10058,1.25
10059,1.5
10060,1.5
10061,1.25
10062,1.25
10063,1.25
10064,-1193.25
10066,1.25
10067,1.5
10069,1.25
10070,1.25
10071,1.25
10073,1.25
10076,1.0
10077,1.5
10078,1.5
10080,1.5
10082,1.25
10083,1.25
10085,1.0
10087,1.25
10088,1.0
10089,1.25
10090,1.0
10093,1.5
10094,1.25
10095,1.5
10096,1.5
10097,1.25
10098,1.5
10099,1.25
10100,1.25
10101,1.25
10102,1.25
10103,1.25
10104,1.0
10106,1.0
10107,1.0
10108,1.25
10111,1.0
10112,1.0
10113,1.0
10114,1.75
10123,1.25
10124,1.25
10125,1.5
10133,1.0
10134,1.0
10135,1.25
10136,1.5
10137,1.25
10138,1.5
10139,1.25
10141,1.25
10142,1.25
10145,1.5
10146,1.0
10147,1.25
10148,1.0
10149,1.25
10151,1.25
10152,1.5
10153,1.5
10154,1.5
10155,1.25
10156,1.25
10157,1.25
10158,1.25
10160,1.25
10161,1.25
10162,1.25
10163,1.0
10165,1.25
10167,1.0
10169,1.0
10170,1.5
10172,1.75
10173,1.75
10174,1.25
10176,1.5
10177,1.5
10179,1.5
10180,1.25
10181,1.25
10184,1.25
10185,1.25
10186,1.0
10187,1.0
10188,1.0
10189,1.0
10190,1.5
10191,1.5
10192,1.5
10193,1.5
10194,1.5
10195,1.5
10197,1.25
10199,1.25
10200,1.25
10201,1.25
10203,1.25
10204,1.25
10205,1.25
10206,1.25
10207,1.0
10208,1.0
10209,0.75
10212,1.25
10213,1.5
10214,1.25
10215,1.25
10216,1.25
10217,1.25
10220,1.0
10221,1.25
10222,1.25
10223,1.0
10224,1.0
10225,1.0
10226,1.0
10227,1.0
10229,1.0
10230,1.5
10232,1.25
10237,1.25
10238,1.25
10240,1.25
10242,1.5
10244,1.5
10245,1.25
10246,1.5
10247,1.25
10249,1.25
10251,56.5
10252,1.0
10255,1.0
10256,1.0
10257,1.5
10259,1.5
10261,1.5
10262,1.25
10263,1.5
10265,1.25
10266,1.25
10267,1.25
10268,1.25
10270,1.25
10274,1.0
10275,1.5
10276,1.25
10277,1.5
10278,1.25
10280,1.5
10281,1.25
10283,1.5
10284,1.0
10285,1.25
10286,1.25
10288,1.25
10289,1.0
10291,1.0
10292,1.25
10293,1.0
10294,1.0
10295,1.0
10296,1.25
10298,1.5
10299,1.5
10301,1.75
10303,1.5
10304,1.5
10305,1.25
10308,1.5
10310,1.25
10311,1.0
10314,1.0
10315,1.0
10316,1.0
10317,1.5
10319,1.25
10320,1.5
10321,1.5
10322,1.25
10323,1.25
10324,1.25
10325,1.25
10327,1.25
10328,1.25
10330,1.25
10332,1.25
10335,1.5
10336,1.5
10337,1.75
10338,1.25
10340,1.5
10341,1.5
10342,1.25
10344,1.25
10345,-226.25
10346,1.25
10348,1.25
10349,1.25
10350,1.25
10351,1.0
10352,1.0
10356,1.5
10357,1.25
10358,1.5
10359,1.5
10363,1.25
10367,1.0
10369,1.25
10370,1.0
10371,1.25
10373,1.0
10374,1.0
10375,1.25
10376,1.5
10378,1.25
10379,1.25
10380,1.5
10382,1.25
10383,1.0
10384,1.25
10385,1.0
10387,1.0
10390,1.0
10391,1.0
10393,134.75
10396,1.75
10397,1.25
10398,1.25
10399,1.25
10400,1.5
10401,1.25
10402,1.25
10403,1.25
10405,1.0
10406,1.0
10409,1.0
10410,1.5
10411,1.5
10414,1.5
10415,1.5
10416,1.5
10417,1.5
10419,31.75
10420,1.25
10421,1.25
10422,1.5
10424,1.25
10425,1.25
10426,1.25
10427,1.25
10428,-210.25
10429,1.5
10430,1.0
10431,1.0
10432,1.0
10433,1.0
10434,1.75
10435,1.5
10436,1.5
10437,1.25
10439,1.5
10440,1.25
10441,1.5
10444,1.25
10446,1.25
10447,1.0
10449,1.25
10452,1.75
10455,1.5
10457,1.5
10458,1.5
10461,1.25
10463,1.25
10464,1.25
10465,1.25
10466,1.25
10468,1.25
10472,-1272.5
10473,1.25
10475,1.0
10476,0.75
10477,1.0
10479,1.5
10480,1.25
10481,1.5
10482,1.75
10483,1.25
10484,1.25
10486,1.25
10487,1.25
10488,1.25
10489,1.25
10491,1.25
10492,1.0
10493,1.0
10494,1.0
10495,0.75
10497,1.0
10498,1.25
10499,1.5
10501,1.25
10504,1.25
10506,1.25
10507,1.25
10508,1.0
10509,1.0
10510,1.0
10512,1.25
10513,1.25
10515,1.25
10517,1.5
10519,1.25
10520,1.25
10524,1.25
10527,1.25
10528,1.25
10531,1.5
10532,1.5
10534,1.5
10536,1.25
10537,1.25
10538,1.0
10539,1.25
10540,1.25
10541,1.0
10542,1.25
10543,1.0
10544,1.25
10545,1.0
10546,1.25
10548,14.75
10550,1.25
10551,1.25
10552,1.25
10553,1.5
10554,1.25
10555,1.5
10558,-240.25
10559,1.0
10560,1.25
10561,1.25
10562,1.0
10564,1.25
10565,1.0
10566,1.0
10567,1.0
10571,0.75
10572,1.0
10573,1.5
10574,1.5
10577,1.5
10578,1.5
10579,1.25
10580,22.25
10581,1.25
10582,1.25
10583,1.0
10584,1.5
10587,1.25
10588,1.25
10589,1.0
10590,1.0
10591,1.0
10592,1.5
10593,1.75
10596,1.5
10597,1.25
10599,1.25
10600,1.25
10601,1.5
10602,1.25
10603,1.25
10604,1.0
10606,1.25
10608,1.5
10609,1.5
10611,1.5
10612,1.25
10613,1.25
10614,1.5
10615,1.25
10617,1.25
10620,1.25
10621,1.5
10622,1.5
10623,1.5
10624,1.5
10625,1.5
10626,1.25
10627,1.5
10629,1.25
10631,1.25
10633,1.0
10634,1.0
10635,1.0
10636,1.25
10637,1.0
10639,1.5
10640,1.5
10641,1.25
10644,1.25
10645,1.25
10646,1.0
10649,1.0
10650,1.5
10651,1.5
10652,1.75
10653,1.5
10654,1.75
10656,1.5
10658,1.25
10659,1.5
10661,1.0
10662,1.25
10663,1.25
10664,1.25
10665,1.0
10669,1.0
10670,1.0
10672,0.75
10673,1.0
10674,1.5
10676,1.25
10677,1.5
10679,1.25
10680,1.25
10681,1.25
10683,1.25
10686,-254.25
10687,1.0
10689,1.25
10691,1.5
10692,1.25
10693,1.25
10694,1.5
10695,1.5
10697,1.25
10698,1.25
10699,1.25
10701,1.25
10702,1.0
10703,1.0
10704,1.25
10707,1.0
10709,1.5
10710,1.5
10711,1.75
10712,1.5
10713,1.5
10714,1.5
10715,1.75
10716,1.25
10717,1.5
10718,1.25
10719,1.25
10720,1.5
10721,1.25
10722,1.5
10723,1.25
10724,1.25
10725,1.25
10727,1.25
10729,1.5
10730,1.5
10732,1.5
10735,1.25
10736,1.25
10737,-227.0
10740,1.5
10741,1.25
10742,1.0
10743,1.0
10744,-215.5
10745,1.25
10746,1.25
10748,1.75
10749,1.5
10751,1.5
10752,1.5
10753,1.75
10755,1.25
10756,1.5
10761,1.5
10763,1.25
10764,1.0
10765,1.0
10766,1.0
10767,1.5
10768,1.25
10770,1.5
10774,1.25
10778,1.25
10780,1.25
10782,1.25
10783,1.25
10784,1.25
10785,1.0
10786,1.25
10789,1.5
10790,1.5
10791,1.5
10792,1.25
10794,1.25
10795,1.5
10796,1.25
10797,1.25
10800,1.0
10801,1.25
10802,1.0
10803,1.25
10806,1.25
10807,1.25
10808,1.25
10809,1.0
10810,1.0
10812,1.5
10813,1.25
10814,1.25
10816,1.0
10817,1.25
10818,1.0
10819,1.0
10820,1.0
10822,1.5
10825,1.5
10828,1.5
10829,1.25
10830,1.25
10832,1.25
10833,1.0
10834,1.25
10835,0.75
10836,1.0
10837,1.0
10838,1.5
10841,1.25
10843,1.25
10845,1.5
10846,1.25
10847,1.25
10849,1.25
10850,1.25
10852,1.25
10853,1.25
10855,1.25
10856,1.25
10857,1.0
10858,1.0
10861,1.5
10862,1.25
10863,1.5
10864,1.25
10865,1.25
10867,1.25
10868,1.25
10869,1.0
10872,1.0
10874,1.25
10875,-259.5
10876,1.25
10877,1.0
10879,1.0
10880,1.0
10881,1.0
10882,1.0
10885,1.5
10888,1.5
10889,1.5
10890,1.5
10892,1.5
10893,1.25
10894,1.25
10895,1.5
10897,1.0
10898,1.0
10899,1.0
10900,1.25
10901,1.25
10902,1.25
10903,1.0
10906,1.0
10907,1.0
10908,1.0
10910,1.25
10911,1.5
10912,1.25
10914,1.25
10917,1.25
10918,1.25
10919,1.0
10920,1.25
10921,1.0
10922,1.5
10925,1.75
10927,1.5
10928,1.5
10929,1.75
10930,1.25
10931,1.5
10932,1.5
10933,1.5
10934,1.25
10935,1.5
10936,1.5
10938,1.25
10939,1.25
10940,1.25
10941,1.25
10944,1.0
10945,1.25
10947,1.75
10948,1.5
10949,-5072.25
10951,1.5
10953,-279.0
10954,1.5
10958,1.5
10959,1.25
10960,1.25
10961,1.25
10963,1.5
10966,1.25
10967,1.25
10969,1.5
10970,1.25
10972,1.25
10974,1.25
10976,1.0
10978,1.5
10979,1.0
10982,1.0
10983,1.0
10985,1.75
10986,1.5
10987,1.5
10988,1.25
10991,1.5
10993,1.25
10994,1.5
10996,1.0
10997,1.25
10998,1.0
11000,1.0
11002,1.5
11003,1.5
11004,1.25
11005,1.25
11007,1.25
11009,1.25
11012,1.0
11014,1.0
11015,1.5
11016,1.25
11017,1.5
11018,1.5
11019,1.25
11020,1.25
11021,1.25
11024,1.25
11026,1.0
11028,1.25
11030,1.25
11032,0.75
11033,1.25
11034,0.75
11035,1.25
11037,1.25
11043,1.5
11044,1.5
11045,1.25
11046,1.5
11047,1.25
11048,1.5
11049,1.5
11050,1.25
11051,1.25
11053,1.25
11055,1.25
11060,1.5
11061,-55.75
11064,1.25
11065,-181.25
11066,1.5
11067,1.5
11068,1.75
11070,1.5
11071,1.25
11072,1.25
11074,1.0
11075,1.0
11076,1.0
11077,1.0
11081,1.25
11082,1.25
11083,1.25
11084,1.25
11085,1.25
11086,1.25
11087,1.25
11088,1.25
11089,1.0
11092,1.0
11094,1.5
11095,1.25
11096,1.5
11097,1.25
11098,1.25
11100,1.25
11103,1.25
11104,1.0
11105,1.0
11106,1.25
11107,1.25
11108,1.0
11110,1.25
11111,1.0
11115,1.0
11118,1.5
11119,1.5
11120,1.5
11121,1.5
11122,1.5
11123,1.5
11124,1.5
11125,1.5
11126,1.25
11127,1.25
11128,1.25
11130,1.25
11131,1.0
11132,1.25
11133,1.0
11134,1.0
11136,1.5
11137,1.75
11138,1.25
11139,1.5
11140,1.25
11141,1.5
11143,1.25
11146,1.25
11147,1.0
11148,1.0
11149,1.0
11150,1.0
11151,-228.75
11152,1.5
11155,1.5
11156,1.5
11158,1.25
11159,1.25
11161,1.5
11163,1.25
11164,1.25
11166,1.25
11168,1.0
11169,1.75
11170,1.5
11171,1.75
11172,1.25
11173,1.25
11174,1.25
11175,1.25
11177,1.25
11179,1.0
11182,1.25
11184,1.25
11185,1.0
11186,80.0
11187,1.25
11188,1.0
11189,1.0
11191,1.5
11192,1.5
11194,1.5
11195,1.25
11197,1.25
11198,1.25
11199,1.25
11200,1.0
11202,1.0
11203,1.0
11204,1.5
11206,1.5
11208,1.25
11210,1.0
11211,1.0
11212,1.0
11213,1.0
11214,1.0
11215,1.25
11217,1.5
11218,1.5
11219,1.5
11220,1.5
11221,1.25
11222,1.5
11223,-200.5
11226,1.25
11228,1.25
11229,1.0
11230,1.0
11231,1.25
11232,1.0
11233,1.5
11234,1.5
11236,1.25
11238,1.25
11239,1.25
11240,1.25
11241,1.5
11243,1.0
11244,1.0
11245,1.25
11246,1.0
11247,1.0
11248,1.25
11249,1.25
11250,1.0
11251,1.0
11252,1.25
11253,1.0
11254,0.75
11255,1.5
11256,1.5
11257,1.25
11258,1.5
11260,-273.25
11262,1.5
11263,1.25
11264,1.5
11265,1.25
11266,1.25
11267,1.0
11269,1.0
11272,1.5
11273,1.5
11274,1.5
11277,1.5
11278,1.0
11279,1.25
11280,1.0
11281,1.25
11282,1.0
11283,1.0
11284,1.5
11285,1.5
11286,1.5
11287,1.5
11288,1.25
11289,1.25
11290,1.25
11292,1.25
11294,1.25
11295,1.25
11297,1.5
11298,1.5
11299,1.5
11300,1.25
11301,1.0
11302,1.25
11303,1.25
11304,1.25
11305,1.0
11306,1.0
11308,1.0
11309,1.5
11310,1.5
11311,1.5
11313,1.5
11314,1.5
11315,1.25
11316,1.25
11317,1.25
11318,165.75
11321,1.25
11322,1.25
11323,1.0
11324,-256.75
11326,0.75
11328,1.25
11330,1.5
11332,1.5
11333,1.5
11335,1.25
11337,1.25
11339,1.0
11341,1.0
11342,1.25
11343,1.25
11344,1.25
11346,1.25
11348,1.5
11350,1.25
11351,1.5
11352,1.5
11353,1.25
11354,1.5
11355,1.5
11356,1.5
11357,1.5
11359,1.25
11361,1.25
11364,1.0
11365,1.75
11366,1.5
11367,1.5
11369,1.25
11370,1.5
11374,1.25
11375,1.25
11377,1.25
11381,1.0
11384,1.25
11385,1.0
11386,1.25
11387,1.75
11388,1.5
11389,1.5
11390,1.5
11391,1.5
11394,1.5
11396,1.25
11397,1.25
11398,1.25
11399,1.5
11400,1.25
11401,1.0
11402,1.25
11403,1.25
11404,1.0
11405,1.0
11406,1.0
11407,1.0
11408,1.0
11412,1.5
11413,1.5
11414,1.5
11415,1.5
11416,1.25
11418,1.25
11419,1.25
11422,1.0
11423,1.25
11425,1.0
11426,1.25
11427,1.0
11428,1.0
11429,1.25
11430,1.0
11431,1.0
11433,1.25
11434,1.0
11435,1.0
11436,1.75
11437,1.5
11438,1.5
11439,1.5
11440,1.5
11441,1.5
11443,1.5
11446,1.25
11448,1.5
11449,1.25
11450,1.5
11451,1.25
11452,1.25
11453,1.25
11456,1.0
11457,1.0
11458,127.75
11459,1.25
11460,1.25
11461,1.25
11463,1.25
11464,1.25
11467,1.25
11469,1.25
11471,1.25
11472,1.25
11473,1.0
11474,1.0
11475,1.25
11476,1.25
11477,1.0
